Date,Hour,Day,Clontarf,Griffith_Avenue,Grove_Road,Richmond_Street,rain,temp,wdsp,vis,clamt
2024-04-01,0,Mon,0,0,14,10,0,8.4,15,20000,7
2024-04-01,1,Mon,1,1,11,4,0,8.1,15,20000,7
2024-04-01,2,Mon,3,0,8,6,0,7.9,14,20000,7
2024-04-01,3,Mon,0,0,8,4,0,7.8,15,20000,7
2024-04-01,4,Mon,2,1,6,1,0,7.8,12,20000,7
2024-04-01,5,Mon,3,1,5,5,0,7.8,11,20000,7
2024-04-01,6,Mon,2,4,31,6,0,7.9,11,20000,7
2024-04-01,7,Mon,16,3,30,11,0,8,10,20000,7
2024-04-01,8,Mon,33,0,32,14,0,7.9,11,25000,7
2024-04-01,9,Mon,89,9,41,27,0,7.8,11,25000,7
2024-04-01,10,Mon,84,1,50,30,0.1,8.1,12,20000,7
2024-04-01,11,Mon,109,11,43,45,0,8.6,10,18000,7
2024-04-01,12,Mon,92,6,50,48,0,8.5,12,18000,7
2024-04-01,13,Mon,70,14,69,53,0,8.4,13,18000,7
2024-04-01,14,Mon,87,7,55,48,0,7.3,12,7000,8
2024-04-01,15,Mon,54,8,57,46,0,7.5,12,6000,8
2024-04-01,16,Mon,63,6,62,50,0,7,12,7000,8
2024-04-01,17,Mon,67,11,68,56,0,6.9,10,5000,7
2024-04-01,18,Mon,53,10,76,61,0,7.4,9,25000,7
2024-04-01,19,Mon,39,11,88,63,0,6.7,7,30000,7
2024-04-01,20,Mon,23,12,70,48,0,6.5,6,30000,7
2024-04-01,21,Mon,16,5,52,45,0,6.4,3,30000,7
2024-04-01,22,Mon,17,4,38,30,0,5.3,3,30000,7
2024-04-01,23,Mon,6,1,14,20,0,5,3,30000,8
2024-04-02,0,Tue,2,1,15,8,0,5.1,4,25000,7
2024-04-02,1,Tue,0,0,3,0,0,2.7,4,11000,1
2024-04-02,2,Tue,0,0,6,1,0,2.1,5,8000,1
2024-04-02,3,Tue,2,0,5,1,0,1.2,5,7000,2
2024-04-02,4,Tue,6,1,9,1,0,0.9,5,4000,1
2024-04-02,5,Tue,11,2,40,11,0,0.8,5,4000,2
2024-04-02,6,Tue,26,11,105,29,0,2.3,4,4000,5
2024-04-02,7,Tue,73,13,256,61,0,3.5,3,6000,2
2024-04-02,8,Tue,123,25,493,162,0,6.1,1,20000,4
2024-04-02,9,Tue,66,18,208,116,0,8.2,2,25000,5
2024-04-02,10,Tue,94,8,77,59,0,9.6,3,25000,6
2024-04-02,11,Tue,91,12,81,58,0,10.7,5,25000,7
2024-04-02,12,Tue,107,11,82,54,0,11.2,6,30000,6
2024-04-02,13,Tue,92,17,99,89,0,10.7,8,30000,6
2024-04-02,14,Tue,57,19,79,56,0,11.4,10,30000,6
2024-04-02,15,Tue,70,17,120,55,0,11.4,10,30000,6
2024-04-02,16,Tue,84,30,197,72,0,10.4,10,30000,6
2024-04-02,17,Tue,143,33,409,95,0,9.7,9,20000,7
2024-04-02,18,Tue,126,31,283,94,0,9.3,8,20000,7
2024-04-02,19,Tue,79,20,162,80,0.1,8.8,9,18000,7
2024-04-02,20,Tue,16,13,94,55,0.1,8.4,10,15000,7
2024-04-02,21,Tue,18,5,83,53,0.1,7.9,11,13000,8
2024-04-02,22,Tue,17,6,51,29,0,7.8,12,20000,8
2024-04-02,23,Tue,4,3,22,19,0,7.9,12,20000,8
2024-04-03,0,Wed,4,1,15,7,0,7.6,12,16000,8
2024-04-03,1,Wed,0,1,3,0,1.2,7.3,12,8000,8
2024-04-03,2,Wed,0,0,3,1,1.7,7.6,12,6000,8
2024-04-03,3,Wed,0,0,2,5,1.9,7.6,12,5000,8
2024-04-03,4,Wed,2,0,10,1,1,7.6,12,5000,8
2024-04-03,5,Wed,7,0,33,10,0.6,7.6,14,5000,8
2024-04-03,6,Wed,16,6,78,16,2,6.7,14,5000,8
2024-04-03,7,Wed,36,8,245,58,1.1,6.5,13,9000,7
2024-04-03,8,Wed,75,24,518,199,0,7,14,20000,7
2024-04-03,9,Wed,36,13,215,118,0,7.5,15,20000,7
2024-04-03,10,Wed,31,10,68,59,0,9.2,15,20000,7
2024-04-03,11,Wed,36,9,74,50,0,10.5,13,25000,6
2024-04-03,12,Wed,42,9,90,75,0,10.9,12,30000,7
2024-04-03,13,Wed,59,10,93,98,0,10.2,12,30000,7
2024-04-03,14,Wed,35,9,89,57,0,11.4,11,30000,7
2024-04-03,15,Wed,55,7,104,57,0,11,10,30000,7
2024-04-03,16,Wed,80,19,188,67,0,11.7,6,30000,7
2024-04-03,17,Wed,128,35,392,107,0,11.5,3,30000,7
2024-04-03,18,Wed,122,20,283,97,0,10.5,2,35000,7
2024-04-03,19,Wed,75,16,171,84,0,10.2,5,30000,7
2024-04-03,20,Wed,34,14,102,73,0,8.9,4,25000,7
2024-04-03,21,Wed,23,7,80,50,0.6,8.7,5,20000,7
2024-04-03,22,Wed,13,10,52,31,0.3,7.8,6,20000,7
2024-04-03,23,Wed,3,4,22,17,0,7.3,7,20000,7
2024-04-04,0,Thu,3,2,12,13,0,6.9,7,20000,7
2024-04-04,1,Thu,0,1,4,0,0,7,8,16000,7
2024-04-04,2,Thu,0,1,1,1,0,7.2,8,16000,7
2024-04-04,3,Thu,3,0,5,3,0,6.9,9,16000,7
2024-04-04,4,Thu,3,0,5,1,0,7,8,16000,7
2024-04-04,5,Thu,8,1,40,10,0,7.1,6,16000,7
2024-04-04,6,Thu,28,10,94,26,0,7.3,7,16000,7
2024-04-04,7,Thu,104,11,273,74,0,7.8,6,16000,7
2024-04-04,8,Thu,117,28,567,185,0.1,7.7,8,18000,7
2024-04-04,9,Thu,68,13,207,124,0.2,7.7,10,4000,7
2024-04-04,10,Thu,53,12,99,82,0.1,8.3,10,20000,7
2024-04-04,11,Thu,67,9,83,64,0,9.1,11,20000,7
2024-04-04,12,Thu,73,10,101,77,0,9.6,12,30000,7
2024-04-04,13,Thu,60,15,115,83,0,9.2,11,30000,7
2024-04-04,14,Thu,50,8,82,71,0,10,11,30000,7
2024-04-04,15,Thu,55,14,129,57,0.1,9.4,12,30000,7
2024-04-04,16,Thu,66,20,216,83,0,8.8,11,20000,7
2024-04-04,17,Thu,94,29,400,97,0.3,8.4,10,8000,7
2024-04-04,18,Thu,84,18,307,108,0.5,8.4,10,2500,8
2024-04-04,19,Thu,57,14,150,76,0.9,8.7,7,2000,8
2024-04-04,20,Thu,13,6,111,66,0.9,8.8,5,6000,7
2024-04-04,21,Thu,13,8,64,41,1.4,8.9,9,5000,7
2024-04-04,22,Thu,10,4,48,46,0.1,9.2,9,4000,7
2024-04-04,23,Thu,7,3,24,27,0.2,10,8,6000,7
2024-04-05,0,Fri,2,1,12,9,1.1,10.8,10,6000,7
2024-04-05,1,Fri,0,1,2,3,0.1,11.5,8,8000,7
2024-04-05,2,Fri,3,0,5,3,0,11.6,6,8000,7
2024-04-05,3,Fri,0,0,3,3,0,11.1,9,8000,7
2024-04-05,4,Fri,4,0,8,1,0,10.7,10,20000,7
2024-04-05,5,Fri,4,0,31,13,0,11.2,9,20000,7
2024-04-05,6,Fri,27,9,89,25,0,11.1,9,20000,7
2024-04-05,7,Fri,55,15,191,62,0,11.7,10,20000,6
2024-04-05,8,Fri,72,21,329,131,0,12.3,13,20000,6
2024-04-05,9,Fri,44,15,154,102,0,12.8,15,20000,5
2024-04-05,10,Fri,43,13,74,57,0,13.1,17,20000,7
2024-04-05,11,Fri,37,9,91,49,0,13.4,17,20000,7
2024-04-05,12,Fri,43,9,116,74,0,14.5,18,25000,6
2024-04-05,13,Fri,47,17,103,89,0,14.5,17,25000,7
2024-04-05,14,Fri,30,13,110,67,0,14.6,20,20000,7
2024-04-05,15,Fri,46,12,138,64,0,14.9,20,20000,7
2024-04-05,16,Fri,69,13,181,88,0,14.7,19,20000,7
2024-04-05,17,Fri,86,17,274,103,0,13.7,18,20000,7
2024-04-05,18,Fri,81,25,191,94,0,13.1,15,20000,7
2024-04-05,19,Fri,42,25,130,101,0,12.7,13,15000,7
2024-04-05,20,Fri,24,10,89,80,0.1,11.9,12,15000,7
2024-04-05,21,Fri,19,6,71,55,0.1,11.7,10,20000,7
2024-04-05,22,Fri,16,4,51,45,0,10.9,13,7000,7
2024-04-05,23,Fri,8,2,46,36,0.2,11,17,12000,6
2024-04-06,0,Sat,11,2,16,21,0.1,12.2,20,15000,7
2024-04-06,1,Sat,0,1,18,1,0.2,12.2,17,15000,7
2024-04-06,2,Sat,2,1,4,7,0,12,13,18000,6
2024-04-06,3,Sat,2,0,6,8,0,12.2,13,14000,6
2024-04-06,4,Sat,3,0,5,2,0,12.4,12,20000,7
2024-04-06,5,Sat,2,1,11,4,0,14,11,20000,7
2024-04-06,6,Sat,10,5,28,12,0,13.6,13,20000,7
2024-04-06,7,Sat,15,2,28,10,0,12.9,15,20000,6
2024-04-06,8,Sat,18,1,39,42,0,13.2,22,20000,6
2024-04-06,9,Sat,20,7,59,52,0,13.5,22,20000,6
2024-04-06,10,Sat,17,7,61,30,0,14.3,23,20000,6
2024-04-06,11,Sat,14,10,42,56,0,13.8,25,20000,6
2024-04-06,12,Sat,34,19,59,50,0,13.9,28,20000,6
2024-04-06,13,Sat,27,11,59,58,0,14.3,25,20000,6
2024-04-06,14,Sat,30,9,57,66,0,14.5,26,20000,6
2024-04-06,15,Sat,25,8,85,57,0,14.5,26,20000,4
2024-04-06,16,Sat,29,11,75,64,0.6,12.8,19,20000,5
2024-04-06,17,Sat,24,13,62,48,0,12.7,20,20000,4
2024-04-06,18,Sat,22,11,83,60,0,12,18,20000,4
2024-04-06,19,Sat,20,7,89,66,0,11.1,18,20000,4
2024-04-06,20,Sat,18,10,47,52,0,10.3,16,20000,4
2024-04-06,21,Sat,12,2,49,62,0,10.2,18,20000,2
2024-04-06,22,Sat,5,1,62,42,0,9.6,19,20000,3
2024-04-06,23,Sat,5,2,52,20,0,9.2,18,20000,4
2024-04-07,0,Sun,8,1,30,17,0,8.9,18,20000,2
2024-04-07,1,Sun,0,1,29,2,0,8.5,18,20000,3
2024-04-07,2,Sun,2,0,10,6,0,8.9,16,20000,5
2024-04-07,3,Sun,1,2,12,6,0,8.8,16,20000,5
2024-04-07,4,Sun,0,0,5,4,0,8.2,17,20000,4
2024-04-07,5,Sun,3,1,11,3,0,8.6,17,30000,5
2024-04-07,6,Sun,5,3,16,9,0,8.2,17,30000,2
2024-04-07,7,Sun,13,1,21,6,0,8.9,16,30000,1
2024-04-07,8,Sun,62,7,32,18,0,9.9,18,30000,1
2024-04-07,9,Sun,47,12,46,36,0,11,18,30000,3
2024-04-07,10,Sun,71,9,62,24,0,12.3,19,30000,3
2024-04-07,11,Sun,97,11,84,52,0.1,10.4,20,9000,5
2024-04-07,12,Sun,77,23,72,56,0.4,13.1,17,20000,6
2024-04-07,13,Sun,58,11,53,58,1.4,11.8,17,20000,3
2024-04-07,14,Sun,42,9,72,67,0,13,16,20000,7
2024-04-07,15,Sun,65,4,72,64,0.1,11.7,13,20000,6
2024-04-07,16,Sun,42,15,78,79,0,11.6,15,30000,5
2024-04-07,17,Sun,56,16,89,56,0.2,11.2,11,30000,3
2024-04-07,18,Sun,61,14,67,81,0,11.5,10,30000,3
2024-04-07,19,Sun,51,14,63,75,0,10.2,10,30000,2
2024-04-07,20,Sun,30,4,88,66,0,9.6,10,30000,2
2024-04-07,21,Sun,12,6,45,59,0,8.2,7,30000,1
2024-04-07,22,Sun,11,2,39,30,0,7.6,7,30000,3
2024-04-07,23,Sun,2,1,26,19,0,8.3,8,30000,6
2024-04-08,0,Mon,3,3,10,12,0,7.4,6,30000,1
2024-04-08,1,Mon,1,1,5,3,0,6.8,5,30000,5
2024-04-08,2,Mon,0,0,2,5,0,6.3,6,30000,6
2024-04-08,3,Mon,0,0,3,1,0,7.1,4,30000,7
2024-04-08,4,Mon,1,0,6,0,0,7.3,4,30000,7
2024-04-08,5,Mon,5,3,31,9,0,7.6,4,30000,7
2024-04-08,6,Mon,24,6,97,26,0.5,7.1,4,14000,7
2024-04-08,7,Mon,50,7,210,52,0.4,7.1,4,14000,7
2024-04-08,8,Mon,78,51,424,154,0.6,6.9,6,13000,8
2024-04-08,9,Mon,22,15,148,101,1.1,7,6,9000,8
2024-04-08,10,Mon,9,9,58,36,0.8,7.3,10,16000,8
2024-04-08,11,Mon,10,3,61,39,0.2,8.2,10,6000,8
2024-04-08,12,Mon,19,7,70,43,0.8,8.6,8,7000,8
2024-04-08,13,Mon,11,6,90,47,0.7,9.6,5,16000,8
2024-04-08,14,Mon,13,8,75,45,0.9,9.7,4,18000,8
2024-04-08,15,Mon,14,32,102,49,1.3,9.2,7,2200,8
2024-04-08,16,Mon,31,35,154,52,1.8,9.4,8,2500,8
2024-04-08,17,Mon,63,26,311,64,1,9.1,9,1600,8
2024-04-08,18,Mon,70,20,224,71,2.7,8.2,10,2400,8
2024-04-08,19,Mon,32,9,82,38,1.8,6.4,15,2200,8
2024-04-08,20,Mon,15,5,81,34,0.4,5.9,18,5000,8
2024-04-08,21,Mon,10,5,48,29,0.4,5.8,17,7000,8
2024-04-08,22,Mon,7,1,29,18,1.5,5.6,17,10000,7
2024-04-08,23,Mon,4,0,16,11,0.8,5.2,18,18000,7
2024-04-09,0,Tue,1,0,3,4,0.2,5.5,17,20000,7
2024-04-09,1,Tue,0,1,1,0,0,5.6,16,25000,7
2024-04-09,2,Tue,0,0,2,3,0.7,6,13,25000,7
2024-04-09,3,Tue,1,0,5,2,0.9,6,17,15000,7
2024-04-09,4,Tue,1,0,11,2,0.2,5.9,19,20000,7
2024-04-09,5,Tue,6,3,26,16,0,5.7,20,25000,7
2024-04-09,6,Tue,20,5,122,30,0,5.2,20,25000,6
2024-04-09,7,Tue,62,15,336,81,0,4.9,20,30000,6
2024-04-09,8,Tue,133,58,654,249,0,6.5,20,40000,3
2024-04-09,9,Tue,57,19,260,152,0,7.9,22,40000,6
2024-04-09,10,Tue,41,9,87,74,0,8.3,24,30000,7
2024-04-09,11,Tue,45,9,71,58,0,9.8,24,35000,6
2024-04-09,12,Tue,51,11,94,62,0,10.3,25,30000,7
2024-04-09,13,Tue,50,20,102,78,0.7,10.2,21,30000,4
2024-04-09,14,Tue,38,15,99,61,0,11,24,35000,4
2024-04-09,15,Tue,51,44,140,68,0,11.3,23,40000,3
2024-04-09,16,Tue,69,46,227,83,0,11.4,23,40000,3
2024-04-09,17,Tue,159,35,458,94,0,10.9,20,45000,4
2024-04-09,18,Tue,153,40,357,102,0,10,16,40000,2
2024-04-09,19,Tue,114,18,168,83,0,7.6,11,40000,3
2024-04-09,20,Tue,78,13,113,74,0,8.6,6,35000,4
2024-04-09,21,Tue,40,13,81,44,0,7.4,7,30000,2
2024-04-09,22,Tue,18,7,91,36,0,6.9,5,25000,1
2024-04-09,23,Tue,10,0,34,27,0,6,5,25000,1
2024-04-10,0,Wed,5,0,18,8,0,6.4,5,25000,6
2024-04-10,1,Wed,0,0,10,0,0,5.8,6,25000,6
2024-04-10,2,Wed,0,0,2,3,0,5.4,4,25000,6
2024-04-10,3,Wed,1,0,4,1,0,7.1,5,25000,6
2024-04-10,4,Wed,1,0,9,2,0,8.4,5,20000,6
2024-04-10,5,Wed,5,1,32,15,0,7.9,8,20000,7
2024-04-10,6,Wed,25,6,120,21,0.7,8.2,10,7000,7
2024-04-10,7,Wed,55,12,278,59,1.8,8.6,10,5000,7
2024-04-10,8,Wed,59,32,502,148,5.3,8.9,9,3000,7
2024-04-10,9,Wed,19,10,196,96,1.4,10,7,12000,7
2024-04-10,10,Wed,17,9,91,53,0.1,12.8,7,30000,7
2024-04-10,11,Wed,20,10,87,73,0,13.7,9,30000,7
2024-04-10,12,Wed,56,9,64,72,0,14.5,12,30000,7
2024-04-10,13,Wed,48,18,105,90,0,14.6,11,20000,7
2024-04-10,14,Wed,49,13,82,75,0,14.5,11,5000,7
2024-04-10,15,Wed,35,27,113,70,0,15.2,12,20000,7
2024-04-10,16,Wed,56,21,204,73,0,15.7,13,30000,7
2024-04-10,17,Wed,95,40,375,97,0,16,13,30000,7
2024-04-10,18,Wed,101,36,314,94,0,15.6,12,30000,7
2024-04-10,19,Wed,77,19,161,84,0,14.6,14,8000,7
2024-04-10,20,Wed,50,15,122,80,0,14.1,13,20000,7
2024-04-10,21,Wed,27,9,87,71,0,13.8,12,20000,5
2024-04-10,22,Wed,18,2,68,48,0,14,11,20000,7
2024-04-10,23,Wed,6,5,26,20,0,13.9,10,20000,7
2024-04-11,0,Thu,4,1,15,7,0,13.6,12,20000,7
2024-04-11,1,Thu,0,0,5,0,0,13.1,10,15000,7
2024-04-11,2,Thu,0,0,4,3,0,13.1,9,20000,7
2024-04-11,3,Thu,4,2,4,0,0,12.9,10,15000,7
2024-04-11,4,Thu,2,0,7,0,0,13.1,8,20000,7
2024-04-11,5,Thu,7,0,28,13,0,12.8,7,20000,7
2024-04-11,6,Thu,34,9,120,24,0,12.7,7,25000,7
2024-04-11,7,Thu,86,17,270,81,0,13.1,5,25000,7
2024-04-11,8,Thu,139,48,646,213,0,13.3,8,25000,7
2024-04-11,9,Thu,59,23,289,162,0,14.5,7,25000,6
2024-04-11,10,Thu,61,9,106,67,0,15.4,9,30000,6
2024-04-11,11,Thu,76,13,90,51,0,15.5,9,30000,5
2024-04-11,12,Thu,99,14,107,87,0,16.5,7,30000,5
2024-04-11,13,Thu,95,21,116,90,0,15.7,10,30000,6
2024-04-11,14,Thu,83,22,109,73,0,15,12,20000,6
2024-04-11,15,Thu,55,54,135,61,0.9,14.3,10,20000,7
2024-04-11,16,Thu,56,38,221,96,0.9,14.2,6,16000,7
2024-04-11,17,Thu,110,26,389,91,1,13.8,9,16000,7
2024-04-11,18,Thu,124,28,341,103,0.1,14.2,12,30000,6
2024-04-11,19,Thu,66,20,149,93,0,14,13,30000,7
2024-04-11,20,Thu,54,12,93,92,0,14.3,13,30000,5
2024-04-11,21,Thu,33,11,76,65,0,13.5,13,30000,7
2024-04-11,22,Thu,21,5,66,51,0,13.2,13,30000,7
2024-04-11,23,Thu,11,1,46,24,0,12.9,11,30000,7
2024-04-12,0,Fri,6,1,19,8,0,12.7,10,30000,7
2024-04-12,1,Fri,1,0,4,0,0,12.5,9,30000,7
2024-04-12,2,Fri,0,0,10,2,0,12.1,8,30000,7
2024-04-12,3,Fri,2,0,5,1,0,12.2,7,30000,7
2024-04-12,4,Fri,4,0,8,0,0,12.1,8,30000,7
2024-04-12,5,Fri,8,0,32,7,0,12,8,30000,7
2024-04-12,6,Fri,24,7,101,22,0,11.9,8,30000,8
2024-04-12,7,Fri,64,13,205,66,0,12.2,6,30000,8
2024-04-12,8,Fri,85,51,381,150,0,12.8,8,40000,7
2024-04-12,9,Fri,60,18,181,115,0,13.4,10,40000,7
2024-04-12,10,Fri,65,6,89,41,0,13.4,12,40000,7
2024-04-12,11,Fri,48,16,77,75,0,14.9,14,40000,7
2024-04-12,12,Fri,73,15,95,81,0,14.3,14,40000,7
2024-04-12,13,Fri,60,41,127,92,0,14.5,12,40000,7
2024-04-12,14,Fri,63,23,133,63,0,15,13,40000,7
2024-04-12,15,Fri,58,30,157,78,0,15.4,12,40000,7
2024-04-12,16,Fri,75,34,175,87,0,14.5,13,30000,7
2024-04-12,17,Fri,108,26,337,116,0,14.8,12,30000,7
2024-04-12,18,Fri,104,24,225,114,0,14.1,11,30000,7
2024-04-12,19,Fri,78,19,132,107,0,13.6,10,30000,7
2024-04-12,20,Fri,63,14,104,102,0,13.1,9,30000,7
2024-04-12,21,Fri,27,5,75,58,0,12.5,10,30000,7
2024-04-12,22,Fri,15,11,69,50,0,12.6,7,30000,7
2024-04-12,23,Fri,8,3,48,16,0,12.4,5,30000,7
2024-04-13,0,Sat,3,4,35,18,0,12.1,6,30000,7
2024-04-13,1,Sat,3,0,18,0,0,11.3,7,30000,7
2024-04-13,2,Sat,2,0,13,5,0,11.5,7,30000,7
2024-04-13,3,Sat,6,0,6,3,0,11.4,6,30000,7
2024-04-13,4,Sat,2,0,5,3,0,11.8,6,30000,7
2024-04-13,5,Sat,3,2,15,6,0,11.7,8,30000,7
2024-04-13,6,Sat,14,2,40,7,0,11.4,6,30000,7
2024-04-13,7,Sat,49,3,43,19,0,11.9,8,30000,7
2024-04-13,8,Sat,74,10,66,36,0,12.8,10,30000,7
2024-04-13,9,Sat,152,9,92,85,0,13.5,12,40000,7
2024-04-13,10,Sat,117,19,82,51,0,14.3,13,40000,6
2024-04-13,11,Sat,165,29,90,54,0,15.1,15,40000,6
2024-04-13,12,Sat,142,10,104,81,0,10.8,18,8000,7
2024-04-13,13,Sat,97,8,123,79,0.1,11.7,19,40000,7
2024-04-13,14,Sat,78,11,82,77,0,11.9,22,40000,3
2024-04-13,15,Sat,81,12,103,77,0,12.6,22,40000,4
2024-04-13,16,Sat,68,8,125,72,0,11.1,21,40000,4
2024-04-13,17,Sat,74,10,97,67,0,10.6,20,40000,4
2024-04-13,18,Sat,56,20,99,73,0,10.6,17,40000,2
2024-04-13,19,Sat,49,11,80,82,0,9.2,14,40000,1
2024-04-13,20,Sat,37,9,129,57,0,8.1,14,40000,2
2024-04-13,21,Sat,19,4,64,46,0,7.3,9,30000,1
2024-04-13,22,Sat,11,6,74,41,0,6.9,9,30000,1
2024-04-13,23,Sat,12,1,52,30,0,6.7,8,30000,1
2024-04-14,0,Sun,6,1,30,14,0,6.4,8,30000,1
2024-04-14,1,Sun,2,1,19,0,0,5.7,7,30000,1
2024-04-14,2,Sun,2,0,10,12,0,5.5,7,30000,1
2024-04-14,3,Sun,2,0,9,3,0,5.4,7,30000,1
2024-04-14,4,Sun,3,0,9,1,0,5.5,6,30000,1
2024-04-14,5,Sun,2,0,9,3,0,5.5,7,30000,1
2024-04-14,6,Sun,11,2,26,7,0,5.4,6,30000,1
2024-04-14,7,Sun,46,4,32,11,0,6.2,6,30000,1
2024-04-14,8,Sun,124,5,34,23,0,7.7,8,30000,3
2024-04-14,9,Sun,174,9,57,40,0,8.5,8,30000,6
2024-04-14,10,Sun,182,12,75,33,0,9.9,9,30000,6
2024-04-14,11,Sun,176,20,67,37,0,10.7,10,30000,7
2024-04-14,12,Sun,153,16,93,59,0,10.8,11,30000,7
2024-04-14,13,Sun,133,28,100,65,0,10.9,11,30000,7
2024-04-14,14,Sun,137,9,98,59,0,11.6,11,30000,7
2024-04-14,15,Sun,86,8,92,66,0.1,9.7,12,20000,7
2024-04-14,16,Sun,54,11,82,56,0,10.4,10,20000,7
2024-04-14,17,Sun,43,10,64,66,0.2,9.5,11,30000,6
2024-04-14,18,Sun,49,8,83,53,0,10,11,30000,6
2024-04-14,19,Sun,19,8,69,51,0,9.7,12,30000,6
2024-04-14,20,Sun,22,7,64,68,0.4,9,12,8000,6
2024-04-14,21,Sun,13,2,38,58,0.1,8.9,11,20000,6
2024-04-14,22,Sun,11,4,28,21,1.8,7.8,12,20000,6
2024-04-14,23,Sun,3,3,20,12,0,8.3,11,20000,6
2024-04-15,0,Mon,5,2,8,6,0,8.2,12,20000,6
2024-04-15,1,Mon,0,1,7,1,0.1,8,14,20000,6
2024-04-15,2,Mon,0,0,4,3,2.7,7.9,14,6000,6
2024-04-15,3,Mon,0,0,1,1,0.8,5.7,21,6000,6
2024-04-15,4,Mon,0,0,4,1,0.2,5.4,20,20000,5
2024-04-15,5,Mon,2,3,28,8,0,4.7,22,20000,4
2024-04-15,6,Mon,25,10,125,14,0,4.2,22,30000,3
2024-04-15,7,Mon,57,17,259,62,0,5,20,30000,3
2024-04-15,8,Mon,82,57,514,187,0,5.8,20,30000,4
2024-04-15,9,Mon,40,17,204,118,0,7,26,30000,5
2024-04-15,10,Mon,23,9,67,47,0,6.4,28,30000,5
2024-04-15,11,Mon,20,6,53,52,0,8.4,26,30000,4
2024-04-15,12,Mon,20,7,79,68,0,8.3,27,30000,4
2024-04-15,13,Mon,20,14,92,72,0.5,7,23,20000,5
2024-04-15,14,Mon,29,15,68,39,0,8.4,26,30000,5
2024-04-15,15,Mon,33,48,131,51,0,8.6,26,9000,6
2024-04-15,16,Mon,41,46,195,60,0.3,8.8,24,25000,5
2024-04-15,17,Mon,130,28,387,72,0,9.1,27,30000,5
2024-04-15,18,Mon,96,29,265,87,0,9,27,30000,6
2024-04-15,19,Mon,49,17,137,92,0,7.9,26,30000,6
2024-04-15,20,Mon,27,7,82,70,0,7.5,23,20000,7
2024-04-15,21,Mon,17,12,68,40,0,7.4,21,20000,6
2024-04-15,22,Mon,10,3,44,32,0,7.1,19,20000,6
2024-04-15,23,Mon,3,2,19,14,0,6.7,17,20000,3
2024-04-16,0,Tue,0,0,12,12,0,6.7,16,20000,3
2024-04-16,1,Tue,1,1,0,0,0,6.3,15,20000,3
2024-04-16,2,Tue,0,0,3,1,0,6.9,14,20000,4
2024-04-16,3,Tue,0,0,3,1,0,6.7,15,20000,5
2024-04-16,4,Tue,3,0,5,1,0,6.6,15,20000,5
2024-04-16,5,Tue,7,3,25,13,0,6.6,15,20000,5
2024-04-16,6,Tue,34,9,132,29,0,6.5,14,20000,5
2024-04-16,7,Tue,85,19,337,92,0,6.7,15,20000,5
2024-04-16,8,Tue,128,54,686,263,0,7.4,15,25000,6
2024-04-16,9,Tue,75,18,252,148,0,8.9,15,30000,5
2024-04-16,10,Tue,37,9,89,78,0,10.2,17,30000,5
2024-04-16,11,Tue,44,9,61,64,0,10.6,17,30000,4
2024-04-16,12,Tue,64,8,113,70,0,12.1,16,30000,3
2024-04-16,13,Tue,58,19,122,82,0,10.8,14,30000,3
2024-04-16,14,Tue,67,11,83,58,0,11.5,14,30000,3
2024-04-16,15,Tue,61,55,129,63,0.1,9.5,15,20000,6
2024-04-16,16,Tue,73,48,264,78,0.3,7.6,12,8000,6
2024-04-16,17,Tue,158,39,423,100,0.1,10.6,13,30000,3
2024-04-16,18,Tue,135,35,360,104,0.2,8.8,14,30000,5
2024-04-16,19,Tue,112,20,167,86,0,8.5,10,30000,2
2024-04-16,20,Tue,72,12,130,86,0,7.1,11,30000,2
2024-04-16,21,Tue,26,4,96,53,0,6.1,12,30000,3
2024-04-16,22,Tue,12,5,77,40,0,5.5,9,30000,4
2024-04-16,23,Tue,5,4,32,20,0,5.8,9,20000,5
2024-04-17,0,Wed,4,1,20,7,0,4.6,9,30000,3
2024-04-17,1,Wed,0,0,4,0,0,4.1,9,30000,3
2024-04-17,2,Wed,0,0,5,3,0,3.8,11,30000,3
2024-04-17,3,Wed,2,0,3,1,0,3.5,11,30000,3
2024-04-17,4,Wed,1,1,6,1,0,3.6,11,30000,3
2024-04-17,5,Wed,5,2,32,11,0,4,11,30000,5
2024-04-17,6,Wed,31,7,129,27,0,4.4,14,30000,5
2024-04-17,7,Wed,91,15,363,76,0,5.2,13,30000,6
2024-04-17,8,Wed,148,64,682,249,0,6.2,14,30000,7
2024-04-17,9,Wed,72,13,245,156,0,7.1,14,30000,7
2024-04-17,10,Wed,65,7,102,55,0,7.4,14,25000,7
2024-04-17,11,Wed,33,10,80,59,0.5,7.1,10,7000,7
2024-04-17,12,Wed,33,14,97,38,0.5,7.6,10,15000,7
2024-04-17,13,Wed,34,12,100,69,0.6,7.4,7,2500,7
2024-04-17,14,Wed,20,11,96,52,0.2,7.9,4,3000,7
2024-04-17,15,Wed,36,36,141,44,0.1,8.3,2,7000,7
2024-04-17,16,Wed,45,35,234,61,0.1,7.8,6,8000,7
2024-04-17,17,Wed,108,40,467,82,0,7,8,15000,7
2024-04-17,18,Wed,107,38,301,100,0,7.2,6,3000,7
2024-04-17,19,Wed,63,17,172,86,0.1,6.6,3,20000,7
2024-04-17,20,Wed,41,14,120,70,0,6.2,3,20000,6
2024-04-17,21,Wed,17,2,82,44,0,2.7,2,20000,2
2024-04-17,22,Wed,8,2,68,24,0,1,3,14000,2
2024-04-17,23,Wed,8,2,40,24,0,2.6,5,2500,2
2024-04-18,0,Thu,2,1,19,6,0,2.5,6,8000,1
2024-04-18,1,Thu,0,1,5,0,0,1.3,4,5000,1
2024-04-18,2,Thu,0,0,3,0,0,2.7,4,3000,4
2024-04-18,3,Thu,0,0,2,1,0,2.6,4,4000,6
2024-04-18,4,Thu,2,0,6,3,0,3.8,4,5000,7
2024-04-18,5,Thu,7,6,31,13,0,4.1,4,4000,7
2024-04-18,6,Thu,35,9,106,18,0,5.2,5,4000,7
2024-04-18,7,Thu,80,17,329,74,0,6.1,5,13000,7
2024-04-18,8,Thu,130,46,629,234,0,7.1,7,7000,7
2024-04-18,9,Thu,60,11,257,156,0,7.9,9,13000,7
2024-04-18,10,Thu,54,8,99,66,0,9.3,8,18000,7
2024-04-18,11,Thu,53,13,95,51,0,9.9,11,25000,7
2024-04-18,12,Thu,53,14,92,65,0,10.2,13,25000,7
2024-04-18,13,Thu,52,18,110,82,0,11.1,11,30000,7
2024-04-18,14,Thu,44,11,120,71,0,10.6,13,30000,7
2024-04-18,15,Thu,45,42,156,68,0,11.2,11,30000,7
2024-04-18,16,Thu,90,49,242,91,0,13,15,30000,7
2024-04-18,17,Thu,148,29,438,96,0,12.5,15,30000,6
2024-04-18,18,Thu,122,31,317,108,0,12,19,30000,6
2024-04-18,19,Thu,85,18,192,102,0,11.3,18,30000,6
2024-04-18,20,Thu,56,17,150,98,0,10.5,19,30000,6
2024-04-18,21,Thu,39,9,84,69,0,10.2,17,30000,6
2024-04-18,22,Thu,23,4,77,31,0,9.8,18,30000,7
2024-04-18,23,Thu,8,4,37,26,0,9.6,17,30000,7
2024-04-19,0,Fri,6,2,22,10,0,9.4,16,20000,7
2024-04-19,1,Fri,0,0,8,0,0,8.8,16,7000,7
2024-04-19,2,Fri,1,0,6,1,0,9,15,30000,6
2024-04-19,3,Fri,0,0,6,5,0,9.2,13,30000,7
2024-04-19,4,Fri,3,0,8,2,0,9.3,16,30000,7
2024-04-19,5,Fri,10,1,28,11,0,9.1,17,20000,7
2024-04-19,6,Fri,20,4,116,16,0,9.2,16,20000,7
2024-04-19,7,Fri,49,15,229,69,0,9.6,14,20000,7
2024-04-19,8,Fri,81,39,366,149,0,9.8,15,7000,7
2024-04-19,9,Fri,52,10,155,117,0.1,10.2,14,20000,7
2024-04-19,10,Fri,48,11,83,68,0,11.3,15,30000,7
2024-04-19,11,Fri,39,7,74,77,0.2,9.1,11,6000,7
2024-04-19,12,Fri,53,14,90,61,0.2,10.2,7,8000,8
2024-04-19,13,Fri,60,35,107,78,0,11.3,7,20000,7
2024-04-19,14,Fri,74,21,133,69,0.1,11.1,10,20000,7
2024-04-19,15,Fri,65,18,147,74,0,11.2,9,20000,7
2024-04-19,16,Fri,69,38,222,85,0,12.3,10,30000,4
2024-04-19,17,Fri,113,29,275,113,0,12.6,7,30000,3
2024-04-19,18,Fri,137,19,209,113,0,11.5,11,30000,3
2024-04-19,19,Fri,98,28,131,106,0,9.4,11,30000,1
2024-04-19,20,Fri,61,9,108,113,0,7.5,8,30000,1
2024-04-19,21,Fri,25,8,90,78,0,5.8,8,30000,1
2024-04-19,22,Fri,14,5,62,41,0,5.1,7,30000,1
2024-04-19,23,Fri,13,6,38,37,0,3.5,5,30000,1
2024-04-20,0,Sat,8,6,20,17,0,1.4,3,30000,1
2024-04-20,1,Sat,2,2,14,0,0,0.9,5,30000,1
2024-04-20,2,Sat,2,0,14,9,0,0.4,5,30000,1
2024-04-20,3,Sat,2,0,10,2,0,-0.2,4,30000,1
2024-04-20,4,Sat,3,1,5,3,0,2.1,4,30000,3
2024-04-20,5,Sat,10,2,9,4,0,0,6,30000,3
2024-04-20,6,Sat,13,1,33,15,0,1.3,4,30000,3
2024-04-20,7,Sat,48,3,45,23,0,4.6,4,30000,3
2024-04-20,8,Sat,93,5,59,40,0,7.7,3,35000,2
2024-04-20,9,Sat,173,20,101,64,0,10,2,45000,3
2024-04-20,10,Sat,191,11,98,65,0,11.4,2,50000,4
2024-04-20,11,Sat,259,16,99,78,0,12.8,3,50000,4
2024-04-20,12,Sat,234,33,131,92,0,12.8,3,50000,5
2024-04-20,13,Sat,222,25,89,127,0,13.3,6,50000,5
2024-04-20,14,Sat,186,29,140,83,0,13.3,8,50000,5
2024-04-20,15,Sat,182,13,121,90,0,12.4,8,40000,5
2024-04-20,16,Sat,184,18,94,80,0,12.1,8,45000,7
2024-04-20,17,Sat,143,15,120,78,0,11.6,7,50000,7
2024-04-20,18,Sat,87,22,95,73,0,10.6,7,50000,5
2024-04-20,19,Sat,89,19,86,94,0,10,6,50000,3
2024-04-20,20,Sat,61,14,88,94,0,8.3,5,40000,1
2024-04-20,21,Sat,28,5,32,47,0,4.4,3,40000,1
2024-04-20,22,Sat,23,3,39,41,0,3.6,2,40000,1
2024-04-20,23,Sat,14,2,45,36,0,3,3,35000,1
2024-04-21,0,Sun,2,3,23,26,0,2.1,3,35000,1
2024-04-21,1,Sun,1,2,13,0,0,1.8,3,35000,1
2024-04-21,2,Sun,5,0,11,5,0,2.7,4,20000,5
2024-04-21,3,Sun,0,0,11,1,0,3.9,3,20000,3
2024-04-21,4,Sun,4,1,5,3,0,4,2,25000,1
2024-04-21,5,Sun,3,2,11,3,0,2.7,2,35000,1
2024-04-21,6,Sun,14,4,23,9,0,2.4,2,35000,3
2024-04-21,7,Sun,56,2,37,8,0,8.3,3,35000,3
2024-04-21,8,Sun,132,16,60,21,0,9.9,3,45000,4
2024-04-21,9,Sun,191,9,70,49,0,12.2,3,50000,2
2024-04-21,10,Sun,295,12,92,45,0,13.4,4,50000,3
2024-04-21,11,Sun,365,24,113,60,0,13.9,4,50000,2
2024-04-21,12,Sun,356,25,135,59,0,13.9,6,55000,3
2024-04-21,13,Sun,359,28,139,72,0,14.6,4,50000,2
2024-04-21,14,Sun,287,21,118,88,0,14.8,6,50000,4
2024-04-21,15,Sun,276,21,119,76,0,14,9,50000,5
2024-04-21,16,Sun,242,20,130,75,0,13.8,8,55000,6
2024-04-21,17,Sun,182,21,97,63,0,12.4,6,45000,7
2024-04-21,18,Sun,111,20,107,63,0,12.3,5,50000,7
2024-04-21,19,Sun,89,30,119,102,0,10,5,45000,6
2024-04-21,20,Sun,59,8,74,70,0,9.3,5,35000,6
2024-04-21,21,Sun,35,8,53,56,0,5.7,3,30000,1
2024-04-21,22,Sun,17,4,46,46,0,5.2,3,30000,3
2024-04-21,23,Sun,3,3,12,15,0,4.4,2,30000,1
2024-04-22,0,Mon,2,1,10,10,0,4.3,2,30000,1
2024-04-22,1,Mon,1,1,4,0,0,2.8,1,20000,1
2024-04-22,2,Mon,0,0,7,3,0,4.2,3,20000,3
2024-04-22,3,Mon,1,0,3,0,0,3.9,4,20000,2
2024-04-22,4,Mon,3,1,7,1,0,4.3,5,25000,2
2024-04-22,5,Mon,8,3,29,12,0,4.1,6,30000,3
2024-04-22,6,Mon,46,12,126,20,0,4.8,6,40000,5
2024-04-22,7,Mon,77,14,255,81,0,6.7,6,40000,7
2024-04-22,8,Mon,136,58,542,219,0,9.2,7,30000,7
2024-04-22,9,Mon,67,17,228,134,0,10.4,11,40000,7
2024-04-22,10,Mon,60,13,88,67,0,9.5,12,40000,7
2024-04-22,11,Mon,55,13,73,45,0,10.2,10,40000,7
2024-04-22,12,Mon,69,8,99,90,0,10.6,11,40000,7
2024-04-22,13,Mon,59,20,92,69,0,11.5,12,40000,7
2024-04-22,14,Mon,50,19,104,68,0,11.5,13,40000,7
2024-04-22,15,Mon,53,43,132,49,0,11.2,12,40000,7
2024-04-22,16,Mon,83,43,216,87,0,12.2,11,40000,7
2024-04-22,17,Mon,150,38,422,102,0,11.7,9,40000,7
2024-04-22,18,Mon,119,36,297,101,0,11.6,10,40000,7
2024-04-22,19,Mon,63,19,153,85,0,11.3,8,40000,7
2024-04-22,20,Mon,58,20,117,59,0,10.7,7,40000,7
2024-04-22,21,Mon,21,6,70,54,0,10.1,11,30000,7
2024-04-22,22,Mon,13,6,48,25,0,9.7,11,30000,7
2024-04-22,23,Mon,8,0,26,8,0,9.4,10,30000,7
2024-04-23,0,Tue,8,0,11,12,0,8.4,8,30000,7
2024-04-23,1,Tue,0,1,4,0,0,7.3,8,20000,3
2024-04-23,2,Tue,0,0,2,1,0,6.4,8,20000,1
2024-04-23,3,Tue,0,0,7,3,0,6.1,8,20000,1
2024-04-23,4,Tue,2,1,3,1,0,6.8,9,20000,4
2024-04-23,5,Tue,10,4,31,12,0,7.7,10,25000,4
2024-04-23,6,Tue,50,7,136,36,0,7.6,8,30000,3
2024-04-23,7,Tue,124,18,318,98,0,7.7,8,30000,5
2024-04-23,8,Tue,172,60,775,283,0,8.6,9,30000,3
2024-04-23,9,Tue,86,22,292,140,0,9.6,10,30000,5
2024-04-23,10,Tue,77,9,83,70,0,9.5,9,30000,5
2024-04-23,11,Tue,83,12,81,64,0,10.3,8,30000,5
2024-04-23,12,Tue,78,10,104,79,0,10.5,7,30000,5
2024-04-23,13,Tue,78,25,115,78,0,11.7,7,30000,5
2024-04-23,14,Tue,84,19,99,68,0,12.2,6,30000,4
2024-04-23,15,Tue,82,51,156,65,0,13.5,7,30000,4
2024-04-23,16,Tue,126,54,239,91,0,14,10,30000,4
2024-04-23,17,Tue,207,41,496,123,0,13.2,10,30000,4
2024-04-23,18,Tue,219,34,345,110,0,11.8,9,30000,3
2024-04-23,19,Tue,148,21,177,93,0,9.4,11,30000,2
2024-04-23,20,Tue,102,22,123,57,0,7.8,10,30000,3
2024-04-23,21,Tue,65,8,101,63,0,6,8,30000,6
2024-04-23,22,Tue,14,11,58,43,0,6,8,30000,6
2024-04-23,23,Tue,11,3,38,21,0,5.6,7,30000,6
2024-04-24,0,Wed,4,0,20,9,0,4.6,9,30000,6
2024-04-24,1,Wed,1,1,5,0,0,5.2,8,30000,4
2024-04-24,2,Wed,0,0,2,1,0,3.9,8,30000,4
2024-04-24,3,Wed,1,0,4,1,0,3.8,8,30000,1
2024-04-24,4,Wed,1,1,6,4,0,3,8,30000,1
2024-04-24,5,Wed,8,3,31,14,0,2.3,8,30000,1
2024-04-24,6,Wed,49,9,139,27,0,2.9,8,20000,1
2024-04-24,7,Wed,123,24,354,105,0,4.6,7,20000,6
2024-04-24,8,Wed,157,49,668,276,0,6.5,6,20000,7
2024-04-24,9,Wed,80,15,276,167,0,7.5,5,25000,7
2024-04-24,10,Wed,45,11,93,83,0,8,5,12000,7
2024-04-24,11,Wed,49,11,82,65,0,8.6,5,20000,7
2024-04-24,12,Wed,67,7,89,84,0,9,6,20000,7
2024-04-24,13,Wed,57,36,106,108,0,8.8,7,20000,7
2024-04-24,14,Wed,42,17,116,86,0,9.5,5,20000,7
2024-04-24,15,Wed,59,39,147,65,0,9.8,4,20000,7
2024-04-24,16,Wed,93,38,245,77,0,10,6,25000,7
2024-04-24,17,Wed,151,47,487,107,0,10.1,6,25000,7
2024-04-24,18,Wed,160,43,352,115,0,9.4,6,25000,6
2024-04-24,19,Wed,100,24,197,110,0,8.8,6,25000,7
2024-04-24,20,Wed,70,15,152,83,0,7.5,4,25000,4
2024-04-24,21,Wed,26,9,81,66,0,3.7,2,20000,3
2024-04-24,22,Wed,24,3,87,43,0,4.6,3,20000,6
2024-04-24,23,Wed,10,6,38,19,0,5.5,6,20000,6
2024-04-25,0,Thu,1,2,19,9,0,3.8,5,20000,3
2024-04-25,1,Thu,2,1,6,0,0,1.3,5,20000,3
2024-04-25,2,Thu,4,0,5,1,0,3.2,6,20000,7
2024-04-25,3,Thu,0,0,3,0,0,2.9,6,20000,7
2024-04-25,4,Thu,3,0,7,1,0,3.2,6,20000,7
2024-04-25,5,Thu,10,3,30,6,0,4,6,20000,7
2024-04-25,6,Thu,38,11,131,30,0,4.5,7,30000,7
2024-04-25,7,Thu,93,12,326,83,0,5.7,6,30000,7
2024-04-25,8,Thu,139,51,684,243,0,7.4,11,30000,5
2024-04-25,9,Thu,76,14,264,158,0,9.3,11,30000,5
2024-04-25,10,Thu,69,9,98,68,0,9.6,11,30000,5
2024-04-25,11,Thu,60,9,88,65,0,9.3,9,20000,6
2024-04-25,12,Thu,63,11,106,66,0,9.7,9,30000,6
2024-04-25,13,Thu,55,21,113,108,0,9.1,8,20000,6
2024-04-25,14,Thu,36,12,103,71,0.8,9.1,5,20000,6
2024-04-25,15,Thu,45,44,122,62,0,9.2,8,20000,6
2024-04-25,16,Thu,68,39,239,89,0,9.3,5,20000,6
2024-04-25,17,Thu,130,33,441,109,0,7.5,9,30000,6
2024-04-25,18,Thu,112,32,305,115,0,7.4,6,30000,6
2024-04-25,19,Thu,65,20,196,95,0,7.3,4,30000,6
2024-04-25,20,Thu,62,12,157,87,0,6.2,6,30000,6
2024-04-25,21,Thu,33,9,79,52,0,6.2,7,30000,7
2024-04-25,22,Thu,15,3,72,38,0,5.5,6,30000,7
2024-04-25,23,Thu,12,3,44,24,0,4.5,5,30000,7
2024-04-26,0,Fri,2,1,21,7,0,3.8,5,30000,7
2024-04-26,1,Fri,0,1,10,0,0,1.6,6,30000,5
2024-04-26,2,Fri,1,0,2,2,0,1.2,4,30000,1
2024-04-26,3,Fri,1,1,4,0,0,1.4,4,30000,3
2024-04-26,4,Fri,1,0,7,2,0,1.5,5,30000,3
2024-04-26,5,Fri,15,1,33,10,0,2.4,5,40000,6
2024-04-26,6,Fri,46,9,123,27,0,3.1,6,30000,7
2024-04-26,7,Fri,95,18,224,65,0,6.3,8,40000,7
2024-04-26,8,Fri,96,50,393,153,0,8.6,9,40000,6
2024-04-26,9,Fri,64,19,200,127,0,8.5,10,40000,5
2024-04-26,10,Fri,54,12,92,61,0,9.4,10,40000,6
2024-04-26,11,Fri,55,9,73,75,0,8,10,40000,6
2024-04-26,12,Fri,80,17,127,84,0,9.6,11,40000,6
2024-04-26,13,Fri,85,39,124,107,0,9.4,11,40000,3
2024-04-26,14,Fri,74,25,144,93,0,9.6,11,40000,3
2024-04-26,15,Fri,68,26,159,76,0,8.9,10,40000,3
2024-04-26,16,Fri,101,36,209,85,0,8.9,10,40000,3
2024-04-26,17,Fri,118,29,289,121,0,8.6,9,40000,3
2024-04-26,18,Fri,146,28,224,111,0,7.8,8,40000,3
2024-04-26,19,Fri,112,16,139,101,0,5.5,8,50000,4
2024-04-26,20,Fri,57,13,103,96,0,3.4,7,50000,4
2024-04-26,21,Fri,28,7,83,100,0,1.1,5,35000,2
2024-04-26,22,Fri,7,7,79,41,0,0.9,5,30000,1
2024-04-26,23,Fri,11,0,54,36,0,0,5,30000,1
2024-04-27,0,Sat,3,2,26,18,0,-0.9,5,30000,1
2024-04-27,1,Sat,0,0,17,0,0,0.5,5,30000,1
2024-04-27,2,Sat,1,0,12,10,0,-0.7,5,25000,3
2024-04-27,3,Sat,1,0,5,4,0,-1.1,5,20000,2
2024-04-27,4,Sat,0,0,6,4,0,-0.9,6,25000,1
2024-04-27,5,Sat,5,2,14,4,0,-0.7,5,20000,5
2024-04-27,6,Sat,20,1,21,9,0,3,6,16000,6
2024-04-27,7,Sat,43,3,60,28,0,6.1,8,20000,7
2024-04-27,8,Sat,84,8,59,35,0,6.4,9,20000,6
2024-04-27,9,Sat,122,15,76,62,0,7.7,8,20000,7
2024-04-27,10,Sat,109,10,93,58,0,8.3,10,20000,7
2024-04-27,11,Sat,137,19,103,67,0,10.4,12,25000,6
2024-04-27,12,Sat,131,11,96,79,0,10.7,13,30000,6
2024-04-27,13,Sat,102,24,97,86,0,9.5,13,35000,5
2024-04-27,14,Sat,133,13,114,72,0,10,12,35000,5
2024-04-27,15,Sat,157,19,88,88,0,10.3,12,40000,4
2024-04-27,16,Sat,124,25,99,77,0,10.2,11,40000,3
2024-04-27,17,Sat,116,18,98,71,0,9.8,10,40000,2
2024-04-27,18,Sat,116,18,107,96,0,8.9,9,40000,2
2024-04-27,19,Sat,67,11,87,90,0,7.1,8,50000,1
2024-04-27,20,Sat,48,4,65,93,0,4.3,7,50000,1
2024-04-27,21,Sat,20,6,72,76,0,1.6,5,50000,1
2024-04-27,22,Sat,13,6,59,45,0,-0.4,5,50000,1
2024-04-27,23,Sat,9,9,41,44,0,-0.2,4,50000,1
2024-04-28,0,Sun,16,3,31,27,0,-0.8,5,50000,1
2024-04-28,1,Sun,2,2,16,2,0,-1.1,4,30000,1
2024-04-28,2,Sun,0,0,15,6,0,-1,5,30000,1
2024-04-28,3,Sun,0,0,3,2,0,-0.5,5,30000,3
2024-04-28,4,Sun,3,0,9,0,0,2.3,4,30000,3
2024-04-28,5,Sun,2,1,11,2,0,-0.9,6,30000,2
2024-04-28,6,Sun,17,4,21,11,0,1.2,8,30000,2
2024-04-28,7,Sun,53,3,30,9,0,4.6,8,30000,2
2024-04-28,8,Sun,110,12,39,28,0,6.8,8,40000,1
2024-04-28,9,Sun,149,19,70,43,0,8.9,8,40000,1
2024-04-28,10,Sun,225,15,84,42,0,10.3,8,40000,2
2024-04-28,11,Sun,283,24,94,65,0,10.6,7,40000,5
2024-04-28,12,Sun,247,19,104,76,0,12.5,8,50000,5
2024-04-28,13,Sun,209,24,101,82,0,11.1,7,50000,7
2024-04-28,14,Sun,149,14,114,69,0,12.4,8,40000,7
2024-04-28,15,Sun,128,13,103,58,0,12.6,7,40000,7
2024-04-28,16,Sun,104,18,92,68,0,11.6,7,30000,7
2024-04-28,17,Sun,52,7,98,53,0,10.4,8,30000,7
2024-04-28,18,Sun,59,15,100,73,0,10.2,6,25000,7
2024-04-28,19,Sun,28,8,83,77,0.3,9.3,9,8000,7
2024-04-28,20,Sun,29,8,53,68,0.8,7.7,7,15000,6
2024-04-28,21,Sun,10,4,46,37,0,7.6,7,20000,6
2024-04-28,22,Sun,8,2,42,30,0.1,8.3,7,20000,6
2024-04-28,23,Sun,2,2,21,20,0,8,7,20000,6
2024-04-29,0,Mon,2,1,10,6,0,7.9,6,20000,6
2024-04-29,1,Mon,1,0,4,0,0,8.2,7,20000,3
2024-04-29,2,Mon,0,0,0,2,0,7.7,9,20000,5
2024-04-29,3,Mon,5,1,3,0,0,7.5,7,20000,5
2024-04-29,4,Mon,2,0,7,0,0,8.2,7,20000,5
2024-04-29,5,Mon,5,6,28,8,0,9.2,7,20000,6
2024-04-29,6,Mon,28,7,133,28,0,9.4,10,20000,6
2024-04-29,7,Mon,61,12,270,68,0,9.5,12,20000,7
2024-04-29,8,Mon,88,51,476,181,0.2,9.9,13,20000,7
2024-04-29,9,Mon,28,10,191,123,0,11,12,20000,7
2024-04-29,10,Mon,27,13,66,49,0,12.3,17,20000,7
2024-04-29,11,Mon,32,7,79,48,0,12.4,16,20000,7
2024-04-29,12,Mon,30,8,104,44,0.1,13.5,15,25000,7
2024-04-29,13,Mon,33,15,98,70,0.5,10.2,14,8000,7
2024-04-29,14,Mon,29,12,88,61,0,13.6,13,30000,6
2024-04-29,15,Mon,41,29,134,48,0,13.8,12,30000,6
2024-04-29,16,Mon,67,42,201,79,0,14.2,12,15000,7
2024-04-29,17,Mon,129,31,345,90,0,13.1,10,25000,7
2024-04-29,18,Mon,93,24,249,93,0,12.5,7,15000,7
2024-04-29,19,Mon,53,16,154,62,0.4,10.3,5,25000,7
2024-04-29,20,Mon,39,17,90,63,0,10.1,7,25000,7
2024-04-29,21,Mon,21,11,63,43,0,9.7,5,30000,7
2024-04-29,22,Mon,15,4,35,29,0,9.5,8,30000,6
2024-04-29,23,Mon,8,1,25,12,0,9.3,7,30000,7
2024-04-30,0,Tue,3,0,10,10,0,8.8,5,30000,7
2024-04-30,1,Tue,0,0,4,0,0,8.8,6,20000,7
2024-04-30,2,Tue,0,0,3,1,1,8.4,6,7000,7
2024-04-30,3,Tue,2,0,3,1,0.9,8.5,6,8000,8
2024-04-30,4,Tue,3,0,7,0,1.1,8.5,7,5000,8
2024-04-30,5,Tue,8,3,24,9,0.3,9.1,10,15000,8
2024-04-30,6,Tue,26,8,132,31,0,10.1,10,18000,7
2024-04-30,7,Tue,67,18,332,81,0,10.3,14,20000,7
2024-04-30,8,Tue,105,47,691,216,0,10.5,12,12000,8
2024-04-30,9,Tue,46,19,254,143,0,10.6,15,12000,8
2024-04-30,10,Tue,24,8,79,53,0,10.7,13,16000,8
2024-04-30,11,Tue,20,6,50,52,0.1,10.4,13,9000,8
2024-04-30,12,Tue,11,3,95,65,0,10.7,15,12000,8
2024-04-30,13,Tue,26,18,104,65,0,10.9,16,16000,7
2024-04-30,14,Tue,24,8,88,63,0,11.1,15,20000,7
2024-04-30,15,Tue,37,40,126,63,0,11.5,15,20000,7
2024-04-30,16,Tue,52,34,235,83,0,11.6,16,20000,6
2024-04-30,17,Tue,101,33,436,121,0,11.6,15,30000,5
2024-04-30,18,Tue,118,30,313,105,0,11.5,15,30000,4
2024-04-30,19,Tue,83,14,208,89,0,10.2,13,30000,3
2024-04-30,20,Tue,58,13,126,73,0,9.4,10,30000,4
2024-04-30,21,Tue,40,9,94,46,0,8.9,8,30000,5
2024-04-30,22,Tue,12,7,57,40,0,8.3,9,30000,6
2024-04-30,23,Tue,7,2,22,13,0,8.5,8,30000,6
2024-05-01,0,Wed,2,0,21,12,0,8.1,6,30000,6
2024-05-01,1,Wed,0,1,4,0,0,7.4,6,30000,2
2024-05-01,2,Wed,2,1,3,3,0,7.4,5,25000,1
2024-05-01,3,Wed,0,0,3,3,0,7.3,4,20000,1
2024-05-01,4,Wed,1,1,9,0,0,7,4,20000,1
2024-05-01,5,Wed,7,1,30,12,0,5.8,4,20000,5
2024-05-01,6,Wed,38,8,135,35,0,8.1,6,20000,5
2024-05-01,7,Wed,110,16,355,76,0,9.6,9,20000,5
2024-05-01,8,Wed,163,53,692,241,0,10.6,10,20000,6
2024-05-01,9,Wed,84,22,280,197,0,11,11,20000,6
2024-05-01,10,Wed,65,15,104,69,0,11.7,12,30000,5
2024-05-01,11,Wed,74,18,86,72,0,12.4,11,30000,4
2024-05-01,12,Wed,100,19,99,66,0,12.6,10,30000,4
2024-05-01,13,Wed,81,40,134,88,0,12.8,10,30000,3
2024-05-01,14,Wed,71,18,114,72,0,13.1,10,30000,3
2024-05-01,15,Wed,75,44,149,79,0,12.8,10,30000,5
2024-05-01,16,Wed,111,40,237,76,0,12.3,11,30000,5
2024-05-01,17,Wed,172,46,474,123,0,11.9,9,30000,6
2024-05-01,18,Wed,190,33,333,104,0,11.5,9,30000,6
2024-05-01,19,Wed,97,32,204,97,0,10,7,30000,6
2024-05-01,20,Wed,79,12,139,80,0,9.6,6,30000,6
2024-05-01,21,Wed,40,10,81,51,0,8.7,3,25000,7
2024-05-01,22,Wed,10,4,82,45,0,8.9,4,20000,7
2024-05-01,23,Wed,2,3,31,26,0.6,8.8,6,18000,7
2024-05-02,0,Thu,1,1,9,3,0.6,8.2,5,18000,7
2024-05-02,1,Thu,0,0,8,0,0.1,7.9,4,18000,7
2024-05-02,2,Thu,0,1,6,1,1.1,7.6,5,18000,7
2024-05-02,3,Thu,2,0,2,1,0.1,7.4,7,20000,7
2024-05-02,4,Thu,1,1,7,0,0,7.8,9,20000,7
2024-05-02,5,Thu,10,2,33,12,0,8,11,20000,7
2024-05-02,6,Thu,32,8,127,27,0,8.2,11,20000,7
2024-05-02,7,Thu,93,21,312,85,0,8.6,9,9000,7
2024-05-02,8,Thu,136,46,628,241,0,9.2,8,4000,8
2024-05-02,9,Thu,69,23,269,163,0,10.2,6,6000,8
2024-05-02,10,Thu,52,15,93,55,0,12.2,9,15000,7
2024-05-02,11,Thu,47,10,61,64,0,12.9,13,15000,7
2024-05-02,12,Thu,56,13,104,73,0,13.4,14,16000,7
2024-05-02,13,Thu,59,24,119,91,0,14.8,14,18000,7
2024-05-02,14,Thu,52,9,113,74,0,15.1,13,18000,7
2024-05-02,15,Thu,80,55,144,61,0,16.2,12,18000,7
2024-05-02,16,Thu,103,45,218,93,0,15.6,10,20000,7
2024-05-02,17,Thu,170,34,409,99,0,15.4,9,20000,7
2024-05-02,18,Thu,205,37,305,97,0,14.6,6,18000,8
2024-05-02,19,Thu,106,29,203,102,0,13.7,5,15000,7
2024-05-02,20,Thu,81,12,124,69,0,12.8,3,15000,8
2024-05-02,21,Thu,50,13,86,74,0,12.5,2,15000,8
2024-05-02,22,Thu,12,5,47,47,0,12.3,4,15000,8
2024-05-02,23,Thu,4,6,44,23,2.9,11.5,3,8000,8
2024-05-03,0,Fri,4,4,21,23,0,10.9,5,8000,8
2024-05-03,1,Fri,0,0,4,0,0,10.5,6,3500,8
2024-05-03,2,Fri,1,0,4,4,0,10.5,6,3000,8
2024-05-03,3,Fri,0,0,5,1,0,10.2,5,3500,8
2024-05-03,4,Fri,3,0,12,4,0,10,6,1500,8
2024-05-03,5,Fri,5,1,19,9,0,10.1,5,800,8
2024-05-03,6,Fri,32,3,127,23,0,9.8,5,1200,8
2024-05-03,7,Fri,66,17,187,56,0,10.1,5,2500,8
2024-05-03,8,Fri,88,28,332,152,0,10.3,5,5000,8
2024-05-03,9,Fri,61,11,167,110,0,10.4,6,8000,8
2024-05-03,10,Fri,48,12,80,55,0,10.9,5,10000,8
2024-05-03,11,Fri,47,7,74,53,0,12.9,6,14000,7
2024-05-03,12,Fri,54,23,111,81,0,13.1,7,15000,7
2024-05-03,13,Fri,67,37,126,86,0,13.7,7,9000,7
2024-05-03,14,Fri,58,15,135,80,0,14.4,8,11000,7
2024-05-03,15,Fri,82,31,140,78,0,13.7,8,15000,8
2024-05-03,16,Fri,79,26,183,88,0,13.3,6,17000,8
2024-05-03,17,Fri,98,37,254,108,0,12.3,6,15000,8
2024-05-03,18,Fri,100,20,196,106,0,12.2,7,17000,8
2024-05-03,19,Fri,60,12,111,114,0,11.9,6,8000,8
2024-05-03,20,Fri,28,10,90,111,0,11.7,7,4000,8
2024-05-03,21,Fri,31,7,77,89,0,11.1,7,8000,8
2024-05-03,22,Fri,11,7,76,44,0,11.1,7,8000,8
2024-05-03,23,Fri,9,4,43,23,0,10.3,8,7000,8
2024-05-04,0,Sat,8,4,31,19,0,9.8,7,8000,8
2024-05-04,1,Sat,0,0,16,2,0,9.6,8,6000,8
2024-05-04,2,Sat,2,0,10,6,0,9.7,8,6000,8
2024-05-04,3,Sat,0,1,4,4,0,9.7,8,8000,8
2024-05-04,4,Sat,2,2,10,1,0,9.7,9,8000,7
2024-05-04,5,Sat,2,1,12,6,0,9.8,8,12000,7
2024-05-04,6,Sat,11,2,27,12,0,9.8,7,12000,7
2024-05-04,7,Sat,35,3,42,8,0,10,7,3000,8
2024-05-04,8,Sat,39,16,47,32,0,10.4,7,12000,8
2024-05-04,9,Sat,105,13,66,47,0.1,10.8,7,20000,8
2024-05-04,10,Sat,105,19,76,58,0,10.9,8,20000,8
2024-05-04,11,Sat,111,12,100,78,0,11.2,8,20000,8
2024-05-04,12,Sat,103,15,89,82,0,11.5,8,20000,8
2024-05-04,13,Sat,74,15,87,83,0,12,7,20000,8
2024-05-04,14,Sat,66,19,92,92,0,12.2,6,20000,8
2024-05-04,15,Sat,62,11,100,98,0,11.9,6,20000,8
2024-05-04,16,Sat,69,10,107,109,0,12.2,7,20000,8
2024-05-04,17,Sat,34,9,71,71,0,12,5,20000,8
2024-05-04,18,Sat,49,11,85,79,0,12,4,20000,8
2024-05-04,19,Sat,30,9,77,90,0,11.6,4,20000,8
2024-05-04,20,Sat,27,4,62,82,0,11.5,4,30000,8
2024-05-04,21,Sat,27,8,70,58,0,11.4,4,30000,7
2024-05-04,22,Sat,9,6,53,52,0,11.3,5,30000,7
2024-05-04,23,Sat,7,4,39,25,0,11.1,4,30000,7
2024-05-05,0,Sun,7,2,25,16,0,10.3,5,30000,7
2024-05-05,1,Sun,0,2,19,1,0,10.3,4,30000,7
2024-05-05,2,Sun,3,0,15,9,0,10.3,3,30000,7
2024-05-05,3,Sun,2,2,6,4,0,9.7,3,30000,7
2024-05-05,4,Sun,3,0,10,0,0,9.8,3,30000,7
2024-05-05,5,Sun,2,2,6,4,0,9,3,30000,6
2024-05-05,6,Sun,12,1,26,15,0,8.7,2,40000,6
2024-05-05,7,Sun,55,2,39,11,0,10.7,2,40000,7
2024-05-05,8,Sun,122,7,37,27,0,12.4,1,40000,7
2024-05-05,9,Sun,164,9,73,38,0,14.4,2,40000,4
2024-05-05,10,Sun,241,10,94,41,0,14.9,3,40000,4
2024-05-05,11,Sun,282,14,103,57,0,15.2,4,40000,3
2024-05-05,12,Sun,300,24,109,67,0,16.1,6,40000,3
2024-05-05,13,Sun,287,16,94,61,0,16.7,7,40000,2
2024-05-05,14,Sun,283,25,113,86,0,16.2,8,40000,1
2024-05-05,15,Sun,264,15,108,58,0,15.8,9,40000,2
2024-05-05,16,Sun,231,15,82,67,0,15.4,7,40000,5
2024-05-05,17,Sun,149,14,94,53,0,16.5,5,40000,5
2024-05-05,18,Sun,151,13,90,61,0,14.4,8,40000,3
2024-05-05,19,Sun,103,11,77,67,0,12,7,40000,5
2024-05-05,20,Sun,71,8,71,66,0,10.9,5,40000,6
2024-05-05,21,Sun,37,5,70,70,0,10.7,4,30000,7
2024-05-05,22,Sun,18,7,42,39,0,9.6,2,20000,7
2024-05-05,23,Sun,14,2,22,17,0,10.6,3,20000,7
2024-05-06,0,Mon,10,3,14,11,0,10.7,2,20000,7
2024-05-06,1,Mon,0,5,7,0,0,10.9,4,20000,7
2024-05-06,2,Mon,3,0,13,9,0,10.6,3,20000,7
2024-05-06,3,Mon,1,1,6,3,0,10.5,1,16000,7
2024-05-06,4,Mon,0,0,5,3,0,10.8,4,13000,7
2024-05-06,5,Mon,2,2,11,4,0.1,10.9,4,8000,7
2024-05-06,6,Mon,7,2,22,10,0.1,11,3,9000,7
2024-05-06,7,Mon,28,2,34,17,0,11.7,4,16000,7
2024-05-06,8,Mon,39,2,45,24,0,11.7,6,16000,7
2024-05-06,9,Mon,100,10,42,25,0,12.3,7,16000,7
2024-05-06,10,Mon,135,7,52,28,0,11,9,18000,7
2024-05-06,11,Mon,129,14,57,36,0,12.2,9,25000,7
2024-05-06,12,Mon,127,19,69,65,0,12.1,9,25000,7
2024-05-06,13,Mon,116,15,79,65,0,12.5,9,25000,7
2024-05-06,14,Mon,110,18,80,73,0,13,9,25000,7
2024-05-06,15,Mon,100,15,80,81,0,13.3,9,30000,7
2024-05-06,16,Mon,100,13,102,66,0,12.9,10,30000,7
2024-05-06,17,Mon,75,11,90,70,0,12.5,11,30000,7
2024-05-06,18,Mon,63,12,83,68,0,12.3,10,30000,7
2024-05-06,19,Mon,42,9,65,65,0,12,9,30000,7
2024-05-06,20,Mon,39,9,58,62,0,11.6,9,30000,7
2024-05-06,21,Mon,31,6,67,58,0,11.3,8,30000,7
2024-05-06,22,Mon,15,2,40,32,0,11,10,30000,7
2024-05-06,23,Mon,3,2,13,19,0,10.6,10,30000,7
2024-05-07,0,Tue,0,0,12,6,0,10.2,9,30000,7
2024-05-07,1,Tue,0,0,4,2,0,9.8,8,30000,7
2024-05-07,2,Tue,0,0,1,4,0,9.5,8,30000,7
2024-05-07,3,Tue,1,0,5,5,0,9.1,7,30000,7
2024-05-07,4,Tue,2,3,7,0,0,8.9,7,30000,7
2024-05-07,5,Tue,11,2,37,14,0,8.6,7,30000,7
2024-05-07,6,Tue,40,10,119,32,0,8.7,7,30000,7
2024-05-07,7,Tue,103,26,309,85,0,9.4,7,30000,7
2024-05-07,8,Tue,160,40,613,226,0,10.1,6,30000,7
2024-05-07,9,Tue,73,19,221,142,0,11.3,6,30000,7
2024-05-07,10,Tue,80,15,94,57,0,12.5,5,30000,7
2024-05-07,11,Tue,88,15,90,73,0,14.6,3,35000,6
2024-05-07,12,Tue,83,14,97,71,0,15.9,3,35000,5
2024-05-07,13,Tue,74,22,108,91,0,15.5,4,35000,5
2024-05-07,14,Tue,111,19,113,78,0,14.7,7,35000,4
2024-05-07,15,Tue,82,30,136,58,0,15,8,35000,3
2024-05-07,16,Tue,123,34,235,78,0,14.2,8,35000,4
2024-05-07,17,Tue,189,46,451,131,0,14,5,35000,5
2024-05-07,18,Tue,175,37,349,75,0,13.7,5,30000,5
2024-05-07,19,Tue,122,21,183,103,0,13.2,5,30000,6
2024-05-07,20,Tue,59,14,127,72,0,12.7,3,30000,6
2024-05-07,21,Tue,51,11,82,58,0,12.3,3,18000,7
2024-05-07,22,Tue,15,8,66,41,0,12.3,3,18000,7
2024-05-07,23,Tue,8,3,24,14,0,12.6,3,18000,7
2024-05-08,0,Wed,2,0,20,14,0,12.4,3,18000,7
2024-05-08,1,Wed,1,0,5,1,0,10.8,2,18000,7
2024-05-08,2,Wed,0,0,4,5,0,10.9,3,18000,4
2024-05-08,3,Wed,0,0,4,2,0,11.6,3,18000,5
2024-05-08,4,Wed,1,2,9,4,0,11.6,4,25000,7
2024-05-08,5,Wed,12,3,31,14,0,11.2,3,30000,7
2024-05-08,6,Wed,44,12,118,20,0,12.1,3,35000,7
2024-05-08,7,Wed,116,19,327,89,0,12.8,4,30000,7
2024-05-08,8,Wed,181,50,660,264,0,13.8,4,30000,5
2024-05-08,9,Wed,75,19,286,154,0,14.7,5,30000,6
2024-05-08,10,Wed,67,11,88,55,0,15.2,5,30000,6
2024-05-08,11,Wed,63,7,99,67,0,16,5,30000,7
2024-05-08,12,Wed,73,23,117,75,0,16.5,6,30000,7
2024-05-08,13,Wed,92,37,118,93,0,15.9,8,30000,7
2024-05-08,14,Wed,73,19,96,62,0,16.8,7,30000,7
2024-05-08,15,Wed,85,39,135,57,0,16.4,6,30000,7
2024-05-08,16,Wed,95,34,279,108,0,16.1,7,30000,7
2024-05-08,17,Wed,186,41,477,105,0,16.3,8,30000,7
2024-05-08,18,Wed,182,28,360,104,0,15.6,7,30000,7
2024-05-08,19,Wed,130,20,234,96,0,15.1,7,30000,7
2024-05-08,20,Wed,69,16,135,96,0,14.3,6,30000,6
2024-05-08,21,Wed,57,18,110,47,0,13.6,4,30000,7
2024-05-08,22,Wed,16,9,73,48,0,12.6,4,25000,4
2024-05-08,23,Wed,7,0,37,26,0,13,4,25000,7
2024-05-09,0,Thu,5,3,11,7,0,12.4,3,25000,1
2024-05-09,1,Thu,2,0,5,0,0,12.7,3,25000,7
2024-05-09,2,Thu,1,0,1,3,0,12.5,3,20000,7
2024-05-09,3,Thu,0,0,3,1,0,11.9,5,25000,2
2024-05-09,4,Thu,1,2,11,0,0,11.4,5,18000,3
2024-05-09,5,Thu,4,5,38,12,0,11.2,5,20000,7
2024-05-09,6,Thu,47,10,119,28,0,11.2,4,18000,7
2024-05-09,7,Thu,109,19,308,88,0,13,4,25000,7
2024-05-09,8,Thu,174,52,638,252,0,15,2,25000,7
2024-05-09,9,Thu,84,30,271,152,0,16.2,4,25000,6
2024-05-09,10,Thu,80,11,107,63,0,16.5,6,25000,6
2024-05-09,11,Thu,85,11,89,71,0,17.7,5,25000,5
2024-05-09,12,Thu,94,13,118,75,0,17.4,7,25000,6
2024-05-09,13,Thu,121,25,134,71,0,17.7,8,25000,6
2024-05-09,14,Thu,111,28,110,88,0,18.9,7,25000,4
2024-05-09,15,Thu,115,36,135,68,0,18.3,8,25000,4
2024-05-09,16,Thu,149,44,240,83,0,18.2,7,25000,5
2024-05-09,17,Thu,214,36,441,112,0,16.7,6,25000,7
2024-05-09,18,Thu,233,40,349,119,0,15.5,5,25000,7
2024-05-09,19,Thu,137,22,183,114,0,14.5,5,25000,7
2024-05-09,20,Thu,94,24,132,105,0,12.7,2,25000,7
2024-05-09,21,Thu,52,20,126,79,0,10.8,1,25000,7
2024-05-09,22,Thu,30,6,87,40,0,11.6,2,25000,7
2024-05-09,23,Thu,12,7,45,31,0,11.6,1,25000,7
2024-05-10,0,Fri,4,1,25,6,0,11.6,2,25000,7
2024-05-10,1,Fri,0,0,6,0,0,11.4,2,25000,7
2024-05-10,2,Fri,3,0,5,3,0,10.2,2,25000,7
2024-05-10,3,Fri,0,0,3,2,0,10.8,1,25000,7
2024-05-10,4,Fri,1,0,10,0,0,10.6,2,25000,7
2024-05-10,5,Fri,16,3,31,11,0,10.8,2,30000,7
2024-05-10,6,Fri,39,8,109,26,0,12.3,4,30000,6
2024-05-10,7,Fri,67,24,221,80,0,14.4,4,30000,6
2024-05-10,8,Fri,111,38,437,181,0,17.1,7,40000,6
2024-05-10,9,Fri,67,12,177,117,0,17.7,7,40000,4
2024-05-10,10,Fri,76,10,91,77,0,19.3,7,40000,2
2024-05-10,11,Fri,72,21,96,78,0,20,8,40000,2
2024-05-10,12,Fri,119,20,143,85,0,20.4,9,40000,2
2024-05-10,13,Fri,164,45,178,81,0,20.4,10,40000,3
2024-05-10,14,Fri,137,28,146,84,0,20.6,10,40000,6
2024-05-10,15,Fri,143,25,157,83,0,21.2,12,40000,4
2024-05-10,16,Fri,163,34,241,99,0,19.6,11,40000,3
2024-05-10,17,Fri,209,41,316,123,0,20,10,40000,3
2024-05-10,18,Fri,162,22,231,94,0,19.1,9,40000,1
2024-05-10,19,Fri,122,18,156,109,0,18.3,10,40000,1
2024-05-10,20,Fri,115,15,132,105,0,17.8,8,40000,2
2024-05-10,21,Fri,59,9,121,87,0,13.5,6,28000,3
2024-05-10,22,Fri,34,10,108,69,0,11.8,5,20000,1
2024-05-10,23,Fri,17,4,67,37,0,10.2,4,17000,1
2024-05-11,0,Sat,36,3,35,26,0,10.1,1,11000,1
2024-05-11,1,Sat,2,0,19,3,0,8.7,1,9000,1
2024-05-11,2,Sat,14,1,12,7,0,8.1,3,7000,1
2024-05-11,3,Sat,3,1,10,7,0,6.9,2,6000,1
2024-05-11,4,Sat,20,1,11,1,0,7,1,4300,1
2024-05-11,5,Sat,21,1,13,4,0,6.8,2,4700,5
2024-05-11,6,Sat,29,1,37,11,0,10.5,3,6000,5
2024-05-11,7,Sat,100,4,60,12,0,14.5,2,18000,5
2024-05-11,8,Sat,121,11,65,37,0,17.8,5,25000,6
2024-05-11,9,Sat,173,20,104,66,0,18.7,7,25000,5
2024-05-11,10,Sat,239,28,107,50,0,19.4,8,25000,6
2024-05-11,11,Sat,271,21,124,83,0,18.2,9,25000,6
2024-05-11,12,Sat,300,19,147,101,0,19.4,8,25000,6
2024-05-11,13,Sat,280,24,139,66,0,19.8,8,25000,6
2024-05-11,14,Sat,295,19,119,89,0,20.1,10,25000,6
2024-05-11,15,Sat,245,12,151,100,0,19.7,12,25000,5
2024-05-11,16,Sat,293,17,131,76,0,18.8,12,25000,6
2024-05-11,17,Sat,243,28,149,73,0,19.2,11,25000,6
2024-05-11,18,Sat,164,30,120,65,0,17.6,10,25000,6
2024-05-11,19,Sat,104,21,125,104,0,16.3,9,25000,6
2024-05-11,20,Sat,79,8,93,78,0,15.1,6,20000,6
2024-05-11,21,Sat,53,10,80,63,0,15.4,4,18000,5
2024-05-11,22,Sat,45,8,82,35,0,14.8,5,15000,5
2024-05-11,23,Sat,44,5,51,36,0,14.1,7,13000,6
2024-05-12,0,Sun,44,3,31,25,0,13.9,8,15000,6
2024-05-12,1,Sun,12,1,20,4,0,14.1,7,18000,5
2024-05-12,2,Sun,10,0,18,9,0,13.8,4,18000,5
2024-05-12,3,Sun,9,1,12,3,0,13.5,3,16000,4
2024-05-12,4,Sun,5,1,5,0,0,10.5,4,9000,5
2024-05-12,5,Sun,8,1,8,4,0,9.8,4,10000,5
2024-05-12,6,Sun,16,4,28,9,0,12.1,2,10000,5
2024-05-12,7,Sun,64,5,42,15,0,15.7,2,15000,3
2024-05-12,8,Sun,204,9,48,23,0,16.2,6,20000,5
2024-05-12,9,Sun,191,13,75,31,0,17.5,7,20000,6
2024-05-12,10,Sun,228,17,94,57,0,19.2,7,20000,6
2024-05-12,11,Sun,271,33,91,74,0,19.5,10,20000,6
2024-05-12,12,Sun,286,19,104,77,0,19.4,10,20000,7
2024-05-12,13,Sun,248,28,118,79,0,18.3,10,20000,7
2024-05-12,14,Sun,216,20,113,68,0,18.2,9,12000,7
2024-05-12,15,Sun,135,18,97,74,0,18.1,7,20000,7
2024-05-12,16,Sun,125,21,115,72,1,15.4,5,12000,7
2024-05-12,17,Sun,76,12,84,81,0.5,16.1,3,16000,7
2024-05-12,18,Sun,64,15,99,93,0,16.4,4,16000,6
2024-05-12,19,Sun,47,10,87,77,0,16.3,4,12000,7
2024-05-12,20,Sun,30,10,83,81,0,15.1,4,7000,7
2024-05-12,21,Sun,17,7,42,58,0,14.7,4,6000,7
2024-05-12,22,Sun,6,5,39,30,0,11.7,5,3000,3
2024-05-12,23,Sun,13,3,24,22,0,10.4,4,3000,5
2024-05-13,0,Mon,4,2,14,12,0,11.5,3,2500,6
2024-05-13,1,Mon,2,0,4,1,0,10.1,3,3000,5
2024-05-13,2,Mon,0,0,2,7,0,10,4,4500,5
2024-05-13,3,Mon,1,0,2,0,0,11.6,5,9000,5
2024-05-13,4,Mon,1,1,7,2,0,12,6,14000,6
2024-05-13,5,Mon,9,3,33,9,0,11.8,7,20000,7
2024-05-13,6,Mon,36,5,115,25,0.3,11.8,11,15000,7
2024-05-13,7,Mon,56,18,240,70,1.5,11.8,11,6000,7
2024-05-13,8,Mon,85,46,458,180,1.5,11.5,12,8000,8
2024-05-13,9,Mon,16,10,168,108,0.2,11.4,13,9000,8
2024-05-13,10,Mon,8,15,55,36,0,11.1,14,12000,8
2024-05-13,11,Mon,13,5,56,41,0.3,10.9,16,3000,8
2024-05-13,12,Mon,2,1,51,32,1.2,11,14,5000,8
2024-05-13,13,Mon,8,14,73,41,0.7,11.5,17,4000,8
2024-05-13,14,Mon,8,9,80,36,0.3,11.7,15,3000,8
2024-05-13,15,Mon,14,36,109,43,0.4,12.3,12,3000,8
2024-05-13,16,Mon,25,26,180,55,0,12.5,15,3000,8
2024-05-13,17,Mon,69,23,323,88,0,12.8,12,4500,8
2024-05-13,18,Mon,73,18,243,82,0,12.7,13,2500,8
2024-05-13,19,Mon,38,16,141,82,0,12.6,10,4000,8
2024-05-13,20,Mon,37,15,106,71,0,12.3,8,20000,6
2024-05-13,21,Mon,21,12,63,46,0,11.3,7,900,6
2024-05-13,22,Mon,19,6,44,20,0,11.3,6,900,6
2024-05-13,23,Mon,7,0,23,17,0,11.1,6,18000,6
2024-05-14,0,Tue,3,2,16,10,0,10.8,6,20000,6
2024-05-14,1,Tue,0,0,0,0,0,10.7,6,20000,6
2024-05-14,2,Tue,2,0,3,1,0,10.9,6,4000,6
2024-05-14,3,Tue,1,0,4,1,0,10.6,4,900,7
2024-05-14,4,Tue,3,0,7,2,0.1,10.8,5,900,6
2024-05-14,5,Tue,13,3,27,13,1.2,11.1,5,900,7
2024-05-14,6,Tue,36,7,110,30,0.6,11.4,5,1600,7
2024-05-14,7,Tue,91,22,326,105,0.1,11.8,4,1800,7
2024-05-14,8,Tue,127,51,704,250,0.1,12.3,5,3500,8
2024-05-14,9,Tue,55,17,278,163,0.7,12.5,7,15000,8
2024-05-14,10,Tue,60,8,87,70,0,14.1,6,30000,7
2024-05-14,11,Tue,51,11,80,68,0,16.1,8,40000,7
2024-05-14,12,Tue,75,13,118,70,0,15.9,8,40000,6
2024-05-14,13,Tue,89,18,109,85,0,16.2,10,45000,5
2024-05-14,14,Tue,82,28,115,79,0,16.8,9,30000,7
2024-05-14,15,Tue,79,39,142,76,0,16.4,9,40000,7
2024-05-14,16,Tue,96,43,245,94,0,15.8,10,40000,7
2024-05-14,17,Tue,173,36,455,120,0,15.8,11,35000,7
2024-05-14,18,Tue,200,38,353,100,0,15.5,12,40000,6
2024-05-14,19,Tue,138,32,192,87,0,15,10,40000,7
2024-05-14,20,Tue,98,15,149,84,0,13.5,10,30000,7
2024-05-14,21,Tue,42,16,101,55,0,12.8,7,25000,6
2024-05-14,22,Tue,34,13,69,45,0,12.4,6,25000,7
2024-05-14,23,Tue,7,1,45,30,0.7,12.5,5,25000,7
2024-05-15,0,Wed,6,1,12,8,0,12.3,4,25000,7
2024-05-15,1,Wed,0,0,9,0,0,10.5,1,25000,6
2024-05-15,2,Wed,2,0,5,2,0,12,3,25000,6
2024-05-15,3,Wed,1,1,3,2,0.4,12.2,5,20000,7
2024-05-15,4,Wed,3,2,4,1,0,12,6,30000,6
2024-05-15,5,Wed,11,4,40,7,0,12.3,5,30000,6
2024-05-15,6,Wed,48,10,146,31,0,12.6,3,30000,7
2024-05-15,7,Wed,121,20,340,98,0,13,5,25000,7
2024-05-15,8,Wed,171,69,699,266,0,13.4,7,30000,8
2024-05-15,9,Wed,71,12,270,165,0,14.3,7,25000,7
2024-05-15,10,Wed,52,10,108,71,0,15.7,8,35000,7
2024-05-15,11,Wed,63,10,90,59,0,16.1,9,35000,7
2024-05-15,12,Wed,64,17,131,63,0,16.8,9,40000,5
2024-05-15,13,Wed,89,38,147,104,0,17.7,9,45000,4
2024-05-15,14,Wed,77,26,108,63,0,17.4,9,45000,5
2024-05-15,15,Wed,98,51,160,61,0,17.8,8,45000,4
2024-05-15,16,Wed,137,32,259,105,0,17.8,8,50000,2
2024-05-15,17,Wed,252,36,507,126,0,17.4,8,50000,1
2024-05-15,18,Wed,280,33,374,130,0,17,7,30000,1
2024-05-15,19,Wed,214,27,213,94,0,15.3,8,18000,1
2024-05-15,20,Wed,159,20,175,90,0,12.4,7,9000,1
2024-05-15,21,Wed,63,20,132,67,0,10.6,6,8000,1
2024-05-15,22,Wed,31,11,95,42,0,11.1,5,8000,1
2024-05-15,23,Wed,11,6,36,29,0,11.3,4,7000,1
2024-05-16,0,Thu,7,0,20,16,0,11,3,7000,1
2024-05-16,1,Thu,1,1,7,1,0,9.2,4,6000,1
2024-05-16,2,Thu,4,0,7,4,0,8.3,4,5000,2
2024-05-16,3,Thu,3,1,4,1,0,7.8,4,4500,2
2024-05-16,4,Thu,4,0,8,1,0,8.3,3,1200,3
2024-05-16,5,Thu,13,3,35,12,0,10.4,3,900,7
2024-05-16,6,Thu,51,11,111,33,0,11.7,3,200,7
2024-05-16,7,Thu,115,18,312,92,0,12.4,5,2500,7
2024-05-16,8,Thu,196,52,637,249,0,13,6,5000,7
2024-05-16,9,Thu,84,16,285,155,0,14.2,5,12000,6
2024-05-16,10,Thu,100,17,117,83,0,16.8,6,16000,4
2024-05-16,11,Thu,110,11,100,78,0,17.4,8,16000,2
2024-05-16,12,Thu,130,16,123,77,0,18.2,9,16000,5
2024-05-16,13,Thu,117,20,125,104,0,18.6,8,18000,7
2024-05-16,14,Thu,100,28,124,77,0,18,8,20000,7
2024-05-16,15,Thu,96,47,167,77,0,18.3,7,25000,7
2024-05-16,16,Thu,99,47,230,88,0,17,8,25000,7
2024-05-16,17,Thu,204,28,457,126,0.6,15.1,8,20000,7
2024-05-16,18,Thu,204,34,335,114,0,15.1,6,18000,7
2024-05-16,19,Thu,105,17,179,110,0.1,15.3,6,18000,7
2024-05-16,20,Thu,59,12,131,98,0,15.3,8,20000,7
2024-05-16,21,Thu,35,9,107,60,0,14.8,10,20000,7
2024-05-16,22,Thu,32,5,66,23,0,14.2,10,20000,7
2024-05-16,23,Thu,16,6,42,20,0,14,10,20000,7
2024-05-17,0,Fri,9,0,17,17,0,13.9,11,20000,7
2024-05-17,1,Fri,2,0,9,1,0,13.5,11,20000,7
2024-05-17,2,Fri,1,0,5,4,0.1,13.5,11,20000,7
2024-05-17,3,Fri,1,0,5,2,0,12.8,12,20000,7
2024-05-17,4,Fri,2,0,7,1,0,11.9,11,20000,6
2024-05-17,5,Fri,15,2,25,13,0,11.6,10,8000,6
2024-05-17,6,Fri,38,5,118,21,0,12.2,9,8000,7
2024-05-17,7,Fri,59,26,250,72,0,12.2,10,8000,7
2024-05-17,8,Fri,100,50,384,141,0,13.3,9,8000,7
2024-05-17,9,Fri,71,14,204,113,0,13.5,10,8000,7
2024-05-17,10,Fri,70,11,95,57,0,14,11,8000,7
2024-05-17,11,Fri,56,15,90,73,0,15.1,10,16000,7
2024-05-17,12,Fri,64,23,148,87,0,14.9,10,16000,7
2024-05-17,13,Fri,149,35,148,119,0,14.6,8,20000,7
2024-05-17,14,Fri,89,17,148,82,0,15.7,5,20000,7
2024-05-17,15,Fri,144,22,168,87,0,15.9,5,20000,7
2024-05-17,16,Fri,111,28,217,89,0,16.9,5,20000,7
2024-05-17,17,Fri,165,27,294,106,0,16.8,6,20000,4
2024-05-17,18,Fri,145,28,264,109,0,16.1,6,20000,4
2024-05-17,19,Fri,97,22,172,125,0,15.3,3,20000,6
2024-05-17,20,Fri,80,10,127,94,0,13.5,4,20000,6
2024-05-17,21,Fri,55,13,112,78,0,13.5,3,20000,6
2024-05-17,22,Fri,23,9,78,47,0,13.1,1,20000,7
2024-05-17,23,Fri,9,5,56,41,0,11.3,1,20000,6
2024-05-18,0,Sat,17,2,24,25,0,12.3,2,20000,6
2024-05-18,1,Sat,2,0,21,2,0,12.9,6,20000,6
2024-05-18,2,Sat,1,0,14,9,0,12.6,6,20000,6
2024-05-18,3,Sat,3,0,6,5,0,12.3,6,8000,6
2024-05-18,4,Sat,0,4,11,1,0,12.1,6,9000,7
2024-05-18,5,Sat,5,3,14,2,0,12,6,7000,7
2024-05-18,6,Sat,38,1,41,9,0,12,8,8000,7
2024-05-18,7,Sat,63,7,50,15,0,12.1,8,8000,7
2024-05-18,8,Sat,92,9,72,42,0,12.6,8,8000,7
2024-05-18,9,Sat,116,14,90,63,0,13,8,8000,7
2024-05-18,10,Sat,144,16,109,73,0,13.3,9,8000,7
2024-05-18,11,Sat,181,29,113,80,0,13.6,8,8000,7
2024-05-18,12,Sat,171,15,100,86,0,14.5,9,8000,7
2024-05-18,13,Sat,125,25,143,110,0,15.6,9,16000,7
2024-05-18,14,Sat,103,11,95,101,0,16.3,9,16000,7
2024-05-18,15,Sat,123,12,108,99,0,17.9,9,20000,7
2024-05-18,16,Sat,133,9,111,89,0,18,8,20000,5
2024-05-18,17,Sat,142,21,111,90,0,18.8,8,20000,4
2024-05-18,18,Sat,157,18,134,82,0,18.3,8,20000,4
2024-05-18,19,Sat,124,17,119,93,0,17.7,8,20000,3
2024-05-18,20,Sat,85,17,75,83,0,15.5,8,20000,2
2024-05-18,21,Sat,54,14,94,69,0,13.5,7,20000,1
2024-05-18,22,Sat,27,6,50,44,0,13.4,7,20000,7
2024-05-18,23,Sat,10,2,55,38,0,11.5,5,20000,3
2024-05-19,0,Sun,10,5,31,22,0,9.4,5,20000,3
2024-05-19,1,Sun,2,4,20,3,0,9.1,5,20000,1
2024-05-19,2,Sun,3,0,15,8,0,8.4,6,20000,1
2024-05-19,3,Sun,1,2,10,5,0,7.7,6,20000,1
2024-05-19,4,Sun,2,0,4,1,0,7.4,6,20000,1
2024-05-19,5,Sun,3,3,6,5,0,7.6,5,20000,1
2024-05-19,6,Sun,22,3,17,12,0,9.7,5,20000,1
2024-05-19,7,Sun,68,3,47,19,0,11.6,5,40000,1
2024-05-19,8,Sun,149,9,54,25,0,14,4,40000,1
2024-05-19,9,Sun,211,26,90,43,0,15.8,6,40000,3
2024-05-19,10,Sun,256,19,103,49,0,17.4,8,40000,4
2024-05-19,11,Sun,334,32,120,74,0,18,8,40000,5
2024-05-19,12,Sun,330,20,112,79,0,18.2,8,40000,6
2024-05-19,13,Sun,279,24,126,89,0,18.6,8,40000,6
2024-05-19,14,Sun,278,19,135,90,0,18.3,8,40000,6
2024-05-19,15,Sun,247,12,95,74,0,19,8,40000,4
2024-05-19,16,Sun,239,16,114,93,0,18.2,8,40000,3
2024-05-19,17,Sun,194,21,115,75,0,17.9,8,40000,2
2024-05-19,18,Sun,165,19,138,100,0,16.9,8,40000,1
2024-05-19,19,Sun,133,12,115,71,0,15.5,8,40000,1
2024-05-19,20,Sun,105,8,94,71,0,13.9,5,40000,1
2024-05-19,21,Sun,65,11,73,63,0,12.2,6,35000,1
2024-05-19,22,Sun,34,7,59,55,0,11.5,4,30000,1
2024-05-19,23,Sun,18,4,36,21,0,11.1,2,25000,0
2024-05-20,0,Mon,3,4,23,17,0,10.1,2,20000,1
2024-05-20,1,Mon,0,2,9,0,0,10.5,2,18000,1
2024-05-20,2,Mon,1,0,3,4,0,9.1,3,18000,1
2024-05-20,3,Mon,1,2,5,3,0,8.8,2,8000,1
2024-05-20,4,Mon,5,3,9,2,0,11.1,3,4500,3
2024-05-20,5,Mon,12,3,37,9,0,10.2,5,18000,6
2024-05-20,6,Mon,47,13,112,36,0,11.5,6,6000,6
2024-05-20,7,Mon,82,19,261,82,0,12.3,5,800,8
2024-05-20,8,Mon,128,48,576,202,0,12.7,5,900,8
2024-05-20,9,Mon,73,19,197,136,0,13.8,4,2500,8
2024-05-20,10,Mon,60,15,94,71,0,16.7,4,18000,4
2024-05-20,11,Mon,107,14,84,66,0,18.4,7,20000,4
2024-05-20,12,Mon,133,16,118,76,0,19.1,8,20000,2
2024-05-20,13,Mon,144,21,140,86,0,19.6,8,18000,4
2024-05-20,14,Mon,135,21,134,67,0,18.6,9,18000,4
2024-05-20,15,Mon,132,46,151,73,0,18.4,9,18000,4
2024-05-20,16,Mon,142,39,258,89,0,18.4,9,20000,4
2024-05-20,17,Mon,244,44,456,105,0,16.1,10,20000,4
2024-05-20,18,Mon,210,32,286,110,0,15.6,9,20000,5
2024-05-20,19,Mon,167,24,164,94,0,14.6,8,20000,6
2024-05-20,20,Mon,147,29,129,57,0,13.6,8,20000,6
2024-05-20,21,Mon,75,10,77,55,0,13.1,8,15000,7
2024-05-20,22,Mon,22,11,67,31,0,12.8,7,15000,7
2024-05-20,23,Mon,10,1,36,22,0,12.7,6,15000,7
2024-05-21,0,Tue,8,1,13,8,0,11.5,5,14000,5
2024-05-21,1,Tue,0,0,7,0,0,10.2,4,14000,1
2024-05-21,2,Tue,0,0,6,5,0,9.3,4,13000,1
2024-05-21,3,Tue,1,1,1,4,0,8.7,4,8000,7
2024-05-21,4,Tue,4,1,10,1,0,11.5,4,5000,7
2024-05-21,5,Tue,18,4,26,13,0,11.5,4,3000,7
2024-05-21,6,Tue,49,11,138,34,0,12.3,5,4200,7
2024-05-21,7,Tue,113,23,358,119,0,13.5,7,15000,7
2024-05-21,8,Tue,167,55,702,266,0,14.2,7,18000,6
2024-05-21,9,Tue,92,24,277,158,0,16.3,8,20000,6
2024-05-21,10,Tue,86,8,88,52,0,16.9,9,20000,5
2024-05-21,11,Tue,98,19,109,74,0,16.4,9,20000,6
2024-05-21,12,Tue,92,18,109,70,0,16.1,11,20000,6
2024-05-21,13,Tue,85,27,116,70,0,16.8,9,20000,6
2024-05-21,14,Tue,80,22,119,84,0,16.9,8,20000,6
2024-05-21,15,Tue,83,47,163,85,0,16.6,7,20000,6
2024-05-21,16,Tue,113,50,275,93,0,16.2,7,25000,6
2024-05-21,17,Tue,206,38,514,130,0,15.4,6,30000,5
2024-05-21,18,Tue,193,34,365,123,0,15.8,5,30000,4
2024-05-21,19,Tue,128,27,193,84,0,14,6,30000,5
2024-05-21,20,Tue,96,14,143,92,0,14.2,4,30000,6
2024-05-21,21,Tue,78,19,112,44,0,13.7,2,30000,6
2024-05-21,22,Tue,27,9,71,46,0,13.7,3,30000,6
2024-05-21,23,Tue,5,2,40,25,0,13.5,4,30000,6
2024-05-22,0,Wed,4,0,19,11,0,13.2,7,20000,6
2024-05-22,1,Wed,0,1,10,0,0,13,6,20000,6
2024-05-22,2,Wed,3,0,3,3,0,12.7,6,20000,7
2024-05-22,3,Wed,3,0,3,2,0,12.5,6,16000,7
2024-05-22,4,Wed,5,0,10,1,0,12.2,7,16000,7
2024-05-22,5,Wed,13,6,40,18,0,12.4,8,16000,7
2024-05-22,6,Wed,42,9,142,37,0,12.6,8,16000,7
2024-05-22,7,Wed,111,20,349,99,0,13.3,10,16000,7
2024-05-22,8,Wed,167,49,662,262,0,13.7,11,20000,7
2024-05-22,9,Wed,75,30,246,170,0,14.1,11,20000,7
2024-05-22,10,Wed,60,13,113,73,0,14.5,11,25000,7
2024-05-22,11,Wed,52,9,84,57,0,15.1,13,25000,7
2024-05-22,12,Wed,71,9,117,84,0,14.9,13,25000,7
2024-05-22,13,Wed,74,41,143,91,0,16.3,15,30000,7
2024-05-22,14,Wed,59,20,154,88,0,16,15,30000,7
2024-05-22,15,Wed,63,38,144,69,0,15.5,18,30000,7
2024-05-22,16,Wed,89,23,263,90,0,15.2,17,40000,7
2024-05-22,17,Wed,155,33,458,121,0,15.2,16,40000,7
2024-05-22,18,Wed,155,29,357,101,0,14.3,17,40000,7
2024-05-22,19,Wed,86,23,178,98,0,13.2,19,30000,7
2024-05-22,20,Wed,67,11,127,87,0,12.2,18,30000,7
2024-05-22,21,Wed,24,11,90,65,0,11.8,18,30000,7
2024-05-22,22,Wed,27,11,127,46,0,11.3,19,30000,7
2024-05-22,23,Wed,9,3,80,33,0,10.9,20,30000,7
2024-05-23,0,Thu,5,1,34,11,0,10.1,19,30000,7
2024-05-23,1,Thu,0,0,9,0,0,9.8,21,30000,7
2024-05-23,2,Thu,0,0,5,3,0,9.5,20,30000,7
2024-05-23,3,Thu,1,0,9,4,0,9.4,21,30000,7
2024-05-23,4,Thu,3,1,4,0,0,9.2,18,30000,7
2024-05-23,5,Thu,23,2,33,13,0,9.4,17,30000,7
2024-05-23,6,Thu,45,10,111,37,0,9.2,16,30000,7
2024-05-23,7,Thu,72,17,296,103,0,10.1,18,30000,7
2024-05-23,8,Thu,119,49,616,239,0,10.4,18,30000,7
2024-05-23,9,Thu,52,17,281,141,0,10.3,17,30000,7
2024-05-23,10,Thu,27,13,101,71,0,10.7,16,30000,7
2024-05-23,11,Thu,34,10,88,74,0,11.5,17,40000,7
2024-05-23,12,Thu,41,20,94,67,0,12.7,18,40000,7
2024-05-23,13,Thu,47,25,129,83,0,13.2,19,40000,7
2024-05-23,14,Thu,44,16,116,78,0,13,18,40000,7
2024-05-23,15,Thu,37,34,178,67,0,12.7,18,40000,7
2024-05-23,16,Thu,85,30,271,92,0,12.5,16,40000,7
2024-05-23,17,Thu,131,37,434,110,0,12,13,40000,7
2024-05-23,18,Thu,132,25,308,128,0,12,12,30000,7
2024-05-23,19,Thu,69,25,174,113,0,11.5,14,30000,7
2024-05-23,20,Thu,54,12,139,97,0,10.9,14,30000,7
2024-05-23,21,Thu,44,12,94,59,0,10.3,13,30000,7
2024-05-23,22,Thu,31,6,74,32,0,10.2,11,30000,7
2024-05-23,23,Thu,9,6,40,24,0,9.9,12,30000,7
2024-05-24,0,Fri,8,3,30,17,0,10,11,30000,7
2024-05-24,1,Fri,0,0,7,1,0,9.8,11,30000,7
2024-05-24,2,Fri,2,0,15,3,0,9.6,12,30000,7
2024-05-24,3,Fri,4,0,4,3,0,9.4,11,30000,7
2024-05-24,4,Fri,6,1,10,3,0,9.1,11,20000,7
2024-05-24,5,Fri,11,4,30,11,0,9,10,20000,7
2024-05-24,6,Fri,23,5,108,24,0,8.5,10,16000,7
2024-05-24,7,Fri,54,15,185,65,0.5,8.8,10,9000,7
2024-05-24,8,Fri,62,32,333,121,0.9,9.1,10,9000,8
2024-05-24,9,Fri,47,9,160,103,0,9.4,9,9000,8
2024-05-24,10,Fri,40,9,62,38,0.2,9.8,10,6000,8
2024-05-24,11,Fri,35,11,82,63,0,10.1,10,5000,8
2024-05-24,12,Fri,39,18,100,86,0.2,10.8,10,6000,8
2024-05-24,13,Fri,48,26,107,75,0.2,11.7,10,7000,8
2024-05-24,14,Fri,40,10,106,83,0,11.9,11,15000,8
2024-05-24,15,Fri,41,17,127,77,0,12.5,9,20000,8
2024-05-24,16,Fri,80,19,192,87,0,11.9,7,20000,8
2024-05-24,17,Fri,97,19,234,105,0,12.2,4,20000,8
2024-05-24,18,Fri,78,12,205,105,0,12,4,20000,8
2024-05-24,19,Fri,51,17,136,88,0,12.2,3,30000,7
2024-05-24,20,Fri,32,7,94,109,0,11.8,3,30000,8
2024-05-24,21,Fri,33,9,84,77,0,11.6,5,30000,8
2024-05-24,22,Fri,24,10,59,46,0,11.4,4,30000,8
2024-05-24,23,Fri,10,5,39,23,0,11,3,30000,7
2024-05-25,0,Sat,14,2,42,20,0,11.3,2,30000,7
2024-05-25,1,Sat,0,1,16,3,0,10.6,3,30000,7
2024-05-25,2,Sat,1,0,12,13,0,11,3,30000,7
2024-05-25,3,Sat,0,0,10,3,0,10.9,6,30000,7
2024-05-25,4,Sat,5,1,9,0,0,10.5,8,40000,7
2024-05-25,5,Sat,4,3,8,5,0,10.6,9,40000,6
2024-05-25,6,Sat,24,1,33,10,0,11.5,7,40000,2
2024-05-25,7,Sat,58,8,50,19,0,12.1,9,40000,6
2024-05-25,8,Sat,93,10,52,35,0,12.5,9,40000,5
2024-05-25,9,Sat,129,14,96,47,0,13,11,40000,6
2024-05-25,10,Sat,163,23,93,62,0,13.7,12,40000,6
2024-05-25,11,Sat,174,28,113,67,0,14.1,12,40000,6
2024-05-25,12,Sat,183,19,111,64,0,14,12,40000,6
2024-05-25,13,Sat,139,24,122,90,0,14,13,40000,6
2024-05-25,14,Sat,124,15,113,88,0,14.9,13,40000,6
2024-05-25,15,Sat,98,15,91,79,0,14.2,13,40000,6
2024-05-25,16,Sat,68,10,67,70,0,14.5,11,40000,6
2024-05-25,17,Sat,84,13,86,66,0,14.7,11,40000,6
2024-05-25,18,Sat,87,18,105,78,0,13.2,9,40000,6
2024-05-25,19,Sat,55,14,88,72,0,12.7,8,40000,7
2024-05-25,20,Sat,47,13,75,103,0,12.2,9,40000,7
2024-05-25,21,Sat,29,7,53,63,0,11.9,9,30000,7
2024-05-25,22,Sat,17,7,53,46,0.5,10.9,8,25000,7
2024-05-25,23,Sat,6,4,38,31,0.7,10.9,7,20000,7
2024-05-26,0,Sun,4,3,30,21,0.4,10.7,7,20000,7
2024-05-26,1,Sun,0,3,16,3,0.3,10.7,7,20000,7
2024-05-26,2,Sun,1,0,11,7,0.1,10.4,7,20000,7
2024-05-26,3,Sun,1,1,6,3,0.2,10.5,7,20000,7
2024-05-26,4,Sun,1,0,10,2,0.4,10.5,7,15000,7
2024-05-26,5,Sun,1,1,6,3,0.5,10.4,6,20000,7
2024-05-26,6,Sun,8,3,15,11,0,10.7,6,20000,7
2024-05-26,7,Sun,17,2,17,3,0.6,10.9,6,20000,7
2024-05-26,8,Sun,30,5,30,14,0,11.4,7,7000,8
2024-05-26,9,Sun,40,7,35,22,0,11.3,6,7000,8
2024-05-26,10,Sun,58,5,51,36,0,11.2,7,6000,8
2024-05-26,11,Sun,67,4,47,47,1,11.9,6,4000,8
2024-05-26,12,Sun,59,10,59,53,0.2,12.4,4,5000,8
2024-05-26,13,Sun,85,10,66,72,0,13.9,5,25000,7
2024-05-26,14,Sun,82,13,76,68,0,15.1,3,15000,7
2024-05-26,15,Sun,53,2,37,42,1.3,11.2,7,6000,8
2024-05-26,16,Sun,27,2,61,42,0.4,13.1,5,25000,7
2024-05-26,17,Sun,29,6,68,46,0.2,12.8,5,18000,7
2024-05-26,18,Sun,39,9,64,62,1.7,11.8,5,4500,8
2024-05-26,19,Sun,13,6,54,51,2.2,11.1,5,18000,7
2024-05-26,20,Sun,24,6,57,44,0.6,11.1,6,18000,7
2024-05-26,21,Sun,19,8,44,36,0,11,6,20000,7
2024-05-26,22,Sun,2,1,33,23,0,10.7,7,20000,7
2024-05-26,23,Sun,10,1,12,14,0,10.6,9,20000,7
2024-05-27,0,Mon,7,0,15,5,0,10.1,8,20000,7
2024-05-27,1,Mon,0,0,6,0,0,9.8,8,25000,7
2024-05-27,2,Mon,3,0,1,6,0,9.7,8,25000,6
2024-05-27,3,Mon,0,0,5,2,0,9.5,10,25000,6
2024-05-27,4,Mon,5,1,7,3,0,8.7,8,30000,7
2024-05-27,5,Mon,11,3,31,10,0,8.7,7,30000,6
2024-05-27,6,Mon,32,5,120,28,0,9.3,7,30000,6
2024-05-27,7,Mon,77,10,258,59,0,9.5,7,35000,4
2024-05-27,8,Mon,135,44,496,211,0,10.4,8,40000,6
2024-05-27,9,Mon,72,19,220,106,0,11.7,7,40000,6
2024-05-27,10,Mon,73,22,85,67,0,13.6,7,45000,6
2024-05-27,11,Mon,54,9,82,62,0,13.3,7,40000,7
2024-05-27,12,Mon,88,21,100,70,0,14,7,30000,7
2024-05-27,13,Mon,77,28,104,71,0,13.4,7,25000,7
2024-05-27,14,Mon,94,14,116,66,0.4,12.9,7,7000,7
2024-05-27,15,Mon,81,28,140,60,0.1,14.6,4,30000,7
2024-05-27,16,Mon,91,32,232,84,0,16.6,6,35000,6
2024-05-27,17,Mon,218,27,428,121,0,16,7,40000,6
2024-05-27,18,Mon,159,28,291,101,0,15.4,8,45000,4
2024-05-27,19,Mon,120,16,179,108,0,14.5,7,45000,4
2024-05-27,20,Mon,88,30,115,71,0,12.9,5,40000,6
2024-05-27,21,Mon,42,14,92,52,0,12.9,6,30000,7
2024-05-27,22,Mon,19,7,68,28,0,12.7,5,30000,7
2024-05-27,23,Mon,10,5,19,24,0,12.2,4,30000,7
2024-05-28,0,Tue,5,1,15,13,0,11.4,3,30000,5
2024-05-28,1,Tue,1,0,5,1,0,11.6,4,30000,6
2024-05-28,2,Tue,0,0,5,1,0,12.2,5,25000,6
2024-05-28,3,Tue,1,1,4,2,0,12,5,20000,6
2024-05-28,4,Tue,6,0,6,0,1.1,11.9,5,12000,7
2024-05-28,5,Tue,7,1,21,10,2.3,12,7,6000,7
2024-05-28,6,Tue,15,4,111,31,0.8,12.3,10,4000,7
2024-05-28,7,Tue,62,13,303,98,0.2,13.1,8,20000,7
2024-05-28,8,Tue,138,51,706,277,0,14.7,6,18000,7
2024-05-28,9,Tue,58,19,254,158,0,15.4,8,20000,7
2024-05-28,10,Tue,54,14,91,73,0,15.8,9,18000,7
2024-05-28,11,Tue,32,15,74,69,0,17.1,10,25000,7
2024-05-28,12,Tue,71,12,96,63,0,15.9,10,9000,7
2024-05-28,13,Tue,59,27,133,78,0,17.7,10,30000,7
2024-05-28,14,Tue,64,10,120,70,0,17.7,11,25000,7
2024-05-28,15,Tue,64,32,124,68,0,18.2,12,30000,7
2024-05-28,16,Tue,88,26,252,83,0,15.5,13,30000,7
2024-05-28,17,Tue,168,45,461,122,0,14.3,16,30000,7
2024-05-28,18,Tue,159,27,337,122,0,15.2,12,35000,7
2024-05-28,19,Tue,99,25,205,113,0,14.7,11,40000,7
2024-05-28,20,Tue,55,9,122,77,0,14.2,10,35000,7
2024-05-28,21,Tue,47,16,84,47,0,13.5,8,30000,7
2024-05-28,22,Tue,21,8,45,36,0,13.3,10,30000,7
2024-05-28,23,Tue,3,0,37,17,0,12.5,11,30000,7
2024-05-29,0,Wed,8,2,19,11,0,12.4,14,30000,7
2024-05-29,1,Wed,0,0,9,0,0.1,11.8,13,16000,7
2024-05-29,2,Wed,2,0,5,2,0.1,11.4,12,20000,7
2024-05-29,3,Wed,1,0,3,1,0,11.1,12,20000,7
2024-05-29,4,Wed,6,0,6,0,0,11.1,11,20000,7
2024-05-29,5,Wed,9,3,38,14,0,11.4,11,20000,6
2024-05-29,6,Wed,40,6,126,28,0,11.6,13,25000,6
2024-05-29,7,Wed,90,11,325,104,0,12,13,25000,5
2024-05-29,8,Wed,156,64,628,234,0,12.4,15,14000,7
2024-05-29,9,Wed,81,17,263,159,0,12.8,13,25000,7
2024-05-29,10,Wed,53,11,96,82,0,14.2,11,25000,7
2024-05-29,11,Wed,69,15,83,75,0,15,10,30000,7
2024-05-29,12,Wed,72,9,108,98,0,15.8,11,40000,7
2024-05-29,13,Wed,90,22,113,71,0,15.6,14,40000,7
2024-05-29,14,Wed,49,13,126,74,0,16.6,13,40000,7
2024-05-29,15,Wed,59,36,144,57,0,16.3,15,40000,7
2024-05-29,16,Wed,111,30,252,80,0,16.7,17,40000,6
2024-05-29,17,Wed,193,39,523,124,0,15.4,17,40000,6
2024-05-29,18,Wed,181,35,331,107,0,13.8,16,40000,7
2024-05-29,19,Wed,103,21,173,104,0,14,12,30000,7
2024-05-29,20,Wed,70,16,137,86,0,13.6,10,30000,7
2024-05-29,21,Wed,43,10,95,67,0,12.6,13,30000,7
2024-05-29,22,Wed,25,8,82,31,0,11.7,13,30000,6
2024-05-29,23,Wed,9,3,23,27,0,11.3,13,30000,6
2024-05-30,0,Thu,4,4,21,11,0,10.9,13,20000,7
2024-05-30,1,Thu,0,1,10,1,0,11,14,20000,7
2024-05-30,2,Thu,0,0,9,6,0.1,10.9,14,15000,7
2024-05-30,3,Thu,1,0,5,4,0,10.4,15,20000,7
2024-05-30,4,Thu,5,1,6,1,0,10.5,15,20000,7
2024-05-30,5,Thu,13,5,31,11,0,11.1,12,20000,8
2024-05-30,6,Thu,38,6,121,25,0,11.3,14,30000,6
2024-05-30,7,Thu,95,19,316,95,0,12.5,14,30000,5
2024-05-30,8,Thu,137,55,637,223,0,12.8,17,30000,6
2024-05-30,9,Thu,62,15,238,140,0,13.4,19,30000,7
2024-05-30,10,Thu,58,16,110,76,0,13.4,17,40000,7
2024-05-30,11,Thu,44,11,106,72,0,14.9,17,40000,7
2024-05-30,12,Thu,63,12,98,88,0,14,17,40000,7
2024-05-30,13,Thu,53,16,138,95,0,15,16,40000,7
2024-05-30,14,Thu,46,20,128,82,0,15.6,17,40000,7
2024-05-30,15,Thu,49,23,148,64,0,15,16,40000,7
2024-05-30,16,Thu,56,31,230,77,0,15.2,16,40000,7
2024-05-30,17,Thu,141,36,404,110,0,15.3,18,40000,5
2024-05-30,18,Thu,196,31,307,116,0,14.6,15,40000,6
2024-05-30,19,Thu,92,16,220,126,0,14.7,14,40000,5
2024-05-30,20,Thu,73,22,155,92,0,12.9,12,40000,4
2024-05-30,21,Thu,39,8,104,68,0,12,13,40000,5
2024-05-30,22,Thu,34,6,77,46,0,11.1,13,40000,3
2024-05-30,23,Thu,9,2,31,34,0,11.1,13,40000,6
2024-05-31,0,Fri,11,3,35,16,0,10.8,10,30000,6
2024-05-31,1,Fri,0,0,8,0,0,10.1,8,30000,6
2024-05-31,2,Fri,0,0,9,2,0,8.2,8,30000,3
2024-05-31,3,Fri,0,1,5,3,0,8.3,9,30000,3
2024-05-31,4,Fri,4,1,7,3,0,7.8,10,30000,3
2024-05-31,5,Fri,7,2,32,13,0,8.2,9,30000,3
2024-05-31,6,Fri,28,5,101,27,0,9.4,10,30000,5
2024-05-31,7,Fri,71,14,201,73,0,10.9,11,30000,3
2024-05-31,8,Fri,93,45,373,133,0,12.3,12,30000,5
2024-05-31,9,Fri,74,16,180,117,0,13.6,10,30000,5
2024-05-31,10,Fri,81,15,93,67,0,14.5,10,30000,6
2024-05-31,11,Fri,86,17,99,87,0,15.4,9,30000,6
2024-05-31,12,Fri,80,17,127,88,0,15.1,11,30000,7
2024-05-31,13,Fri,81,22,155,90,0,16.9,11,30000,4
2024-05-31,14,Fri,83,23,130,93,0,18,10,30000,4
2024-05-31,15,Fri,93,18,160,83,0,17.2,11,30000,6
2024-05-31,16,Fri,123,24,208,112,0,18.5,10,30000,6
2024-05-31,17,Fri,166,23,248,130,0,16.8,10,30000,6
2024-05-31,18,Fri,150,21,208,111,0,15.8,10,30000,7
2024-05-31,19,Fri,109,27,168,107,0,15.2,9,30000,6
2024-05-31,20,Fri,82,14,129,104,0,14.2,7,30000,5
2024-05-31,21,Fri,61,16,119,100,0,11.9,5,25000,6
2024-05-31,22,Fri,32,7,123,58,0,10,5,20000,4
2024-05-31,23,Fri,23,8,53,39,0,11.2,6,20000,3
